,time,rri,RRI
75,15:52:04,1.25,1.25
,15:52:05,0,NaN
,15:52:06,0,NaN
,15:52:07,0,NaN
,15:52:08,0,NaN
,15:52:09,0,NaN
,15:52:10,0,NaN
,15:52:11,0,NaN
,15:52:12,0,NaN
,15:52:13,0,NaN
,15:52:14,0,NaN
,15:52:15,0,NaN
,15:52:16,0,NaN
,15:52:17,0,NaN
,15:52:18,0,NaN
,15:52:19,1.283333333,1.283333333
77,15:52:20,0,NaN
,15:52:21,0,NaN
,15:52:22,0,NaN
,15:52:23,0,NaN
,15:52:24,1.3,1.3
,15:52:25,0,NaN
78,15:52:26,0,NaN
,15:52:27,0,NaN
,15:52:28,0,NaN
,15:52:29,0,NaN
,15:52:30,0,NaN
,15:52:31,0,NaN
,15:52:32,0,NaN
,15:52:33,0,NaN
,15:52:34,1.316666667,1.316666667
,15:52:35,0,NaN
,15:52:36,0,NaN
79,15:52:37,0,NaN
,15:52:38,0,NaN
,15:52:39,0,NaN
,15:52:40,0,NaN
,15:52:41,0,NaN
,15:52:42,0,NaN
,15:52:43,0,NaN
,15:52:44,1.3,1.3
,15:52:45,0,NaN
,15:52:46,0,NaN
,15:52:47,0,NaN
78,15:52:48,0,NaN
,15:52:49,1.316666667,1.316666667
,15:52:50,0,NaN
,15:52:51,0,NaN
,15:52:52,0,NaN
,15:52:53,0,NaN
79,15:52:54,0,NaN
,15:52:55,0,NaN
,15:52:56,0,NaN
,15:52:57,0,NaN
,15:52:58,0,NaN
,15:52:59,1.366666667,1.366666667
,15:53:00,0,NaN
,15:53:01,0,NaN
,15:53:02,0,NaN
,15:53:03,0,NaN
,15:53:04,1.366666667,1.366666667
82,15:53:05,0,NaN
,15:53:06,0,NaN
,15:53:07,0,NaN
,15:53:08,0,NaN
,15:53:09,1.35,1.35
,15:53:10,0,NaN
82,15:53:11,0,NaN
,15:53:12,0,NaN
,15:53:13,0,NaN
,15:53:14,1.333333333,1.333333333
,15:53:15,0,NaN
,15:53:16,0,NaN
81,15:53:17,0,NaN
,15:53:18,0,NaN
,15:53:19,0,NaN
,15:53:20,0,NaN
,15:53:21,0,NaN
,15:53:22,0,NaN
80,15:53:23,0,NaN
,15:53:24,0,NaN
,15:53:25,0,NaN
,15:53:26,0,NaN
,15:53:27,0,NaN
,15:53:28,0,NaN
,15:53:29,1.316666667,1.316666667
,15:53:30,0,NaN
,15:53:31,0,NaN
,15:53:32,0,NaN
,15:53:33,0,NaN
,15:53:34,1.3,1.3
,15:53:35,0,NaN
,15:53:36,0,NaN
,15:53:37,0,NaN
,15:53:38,0,NaN
79,15:53:39,0,NaN
,15:53:40,0,NaN
,15:53:41,0,NaN
,15:53:42,0,NaN
,15:53:43,0,NaN
,15:53:44,1.316666667,1.316666667
78,15:53:45,0,NaN
,15:53:46,0,NaN
,15:53:47,0,NaN
,15:53:48,0,NaN
,15:53:49,1.3,1.3
,15:53:50,0,NaN
,15:53:51,0,NaN
,15:53:52,0,NaN
,15:53:53,0,NaN
,15:53:54,1.266666667,1.266666667
,15:53:55,0,NaN
79,15:53:56,0,NaN
,15:53:57,0,NaN
,15:53:58,0,NaN
,15:53:59,0,NaN
,15:54:00,0,NaN
,15:54:01,0,NaN
78,15:54:02,0,NaN
,15:54:03,0,NaN
,15:54:04,1.283333333,1.283333333
,15:54:05,0,NaN
,15:54:06,0,NaN
,15:54:07,0,NaN
76,15:54:08,0,NaN
,15:54:09,1.366666667,1.366666667
,15:54:10,0,NaN
,15:54:11,0,NaN
,15:54:12,0,NaN
,15:54:13,0,NaN
,15:54:14,1.466666667,1.466666667
,15:54:15,0,NaN
,15:54:16,0,NaN
,15:54:17,0,NaN
,15:54:18,0,NaN
77,15:54:19,1.45,1.45
,15:54:20,0,NaN
,15:54:21,0,NaN
,15:54:22,0,NaN
,15:54:23,0,NaN
,15:54:24,1.366666667,1.366666667
82,15:54:25,0,NaN
,15:54:26,0,NaN
,15:54:27,0,NaN
,15:54:28,0,NaN
,15:54:29,0,NaN
,15:54:30,0,NaN
88,15:54:31,0,NaN
,15:54:32,0,NaN
,15:54:33,0,NaN
,15:54:34,1.3,1.3
,15:54:35,0,NaN
,15:54:36,0,NaN
87,15:54:37,0,NaN
,15:54:38,0,NaN
,15:54:39,1.333333333,1.333333333
,15:54:40,0,NaN
,15:54:41,0,NaN
,15:54:42,0,NaN
82,15:54:43,0,NaN
,15:54:44,0,NaN
,15:54:45,0,NaN
,15:54:46,0,NaN
,15:54:47,0,NaN
,15:54:48,0,NaN
,15:54:49,1.3,1.3
,15:54:50,0,NaN
,15:54:51,0,NaN
,15:54:52,0,NaN
,15:54:53,0,NaN
78,15:54:54,1.333333333,1.333333333
,15:54:55,0,NaN
,15:54:56,0,NaN
,15:54:57,0,NaN
,15:54:58,0,NaN
,15:54:59,1.283333333,1.283333333
80,15:55:00,0,NaN
,15:55:01,0,NaN
,15:55:02,0,NaN
,15:55:03,0,NaN
,15:55:04,1.25,1.25
,15:55:05,0,NaN
,15:55:06,0,NaN
,15:55:07,0,NaN
,15:55:08,0,NaN
,15:55:09,1.3,1.3
,15:55:10,0,NaN
78,15:55:11,0,NaN
,15:55:12,0,NaN
,15:55:13,0,NaN
,15:55:14,1.266666667,1.266666667
,15:55:15,0,NaN
,15:55:16,0,NaN
80,15:55:17,0,NaN
,15:55:18,0,NaN
,15:55:19,1.3,1.3
,15:55:20,0,NaN
,15:55:21,0,NaN
,15:55:22,0,NaN
77,15:55:23,0,NaN
,15:55:24,1.35,1.35
,15:55:25,0,NaN
,15:55:26,0,NaN
,15:55:27,0,NaN
,15:55:28,0,NaN
75,15:55:29,1.283333333,1.283333333
,15:55:30,0,NaN
,15:55:31,0,NaN
,15:55:32,0,NaN
,15:55:33,0,NaN
,15:55:34,1.233333333,1.233333333
78,15:55:35,0,NaN
,15:55:36,0,NaN
,15:55:37,0,NaN
,15:55:38,0,NaN
,15:55:39,1.25,1.25
,15:55:40,0,NaN
76,15:55:41,0,NaN
,15:55:42,0,NaN
,15:55:43,0,NaN
,15:55:44,1.266666667,1.266666667
,15:55:45,0,NaN
,15:55:46,0,NaN
78,15:55:47,0,NaN
,15:55:48,0,NaN
,15:55:49,1.283333333,1.283333333
,15:55:50,0,NaN
,15:55:51,0,NaN
,15:55:52,0,NaN
81,15:55:53,0,NaN
,15:55:54,1.383333333,1.383333333
,15:55:55,0,NaN
,15:55:56,0,NaN
,15:55:57,0,NaN
,15:55:58,0,NaN
77,15:55:59,1.4,1.4
,15:56:00,0,NaN
,15:56:01,0,NaN
,15:56:02,0,NaN
,15:56:03,0,NaN
,15:56:04,1.333333333,1.333333333
74,15:56:05,0,NaN
,15:56:06,0,NaN
,15:56:07,0,NaN
,15:56:08,0,NaN
,15:56:09,1.316666667,1.316666667
,15:56:10,0,NaN
75,15:56:11,0,NaN
,15:56:12,0,NaN
,15:56:13,0,NaN
,15:56:14,1.316666667,1.316666667
,15:56:15,0,NaN
,15:56:16,0,NaN
76,15:56:17,0,NaN
,15:56:18,0,NaN
,15:56:19,0,NaN
,15:56:20,0,NaN
,15:56:21,0,NaN
,15:56:22,0,NaN
77,15:56:23,0,NaN
,15:56:24,1.35,1.35
,15:56:25,0,NaN
,15:56:26,0,NaN
,15:56:27,0,NaN
,15:56:28,0,NaN
83,15:56:29,1.416666667,1.416666667
,15:56:30,0,NaN
,15:56:31,0,NaN
,15:56:32,0,NaN
,15:56:33,0,NaN
,15:56:34,0,NaN
84,15:56:35,0,NaN
,15:56:36,0,NaN
,15:56:37,0,NaN
,15:56:38,0,NaN
,15:56:39,0,NaN
,15:56:40,0,NaN
80,15:56:41,0,NaN
,15:56:42,0,NaN
,15:56:43,0,NaN
,15:56:44,1.433333333,1.433333333
,15:56:45,0,NaN
,15:56:46,0,NaN
79,15:56:47,0,NaN
,15:56:48,0,NaN
,15:56:49,1.366666667,1.366666667
,15:56:50,0,NaN
,15:56:51,0,NaN
,15:56:52,0,NaN
79,15:56:53,0,NaN
,15:56:54,1.35,1.35
,15:56:55,0,NaN
,15:56:56,0,NaN
,15:56:57,0,NaN
,15:56:58,0,NaN
,15:56:59,0,NaN
,15:57:00,0,NaN
,15:57:01,0,NaN
,15:57:02,0,NaN
,15:57:03,0,NaN
81,15:57:04,0,NaN
,15:57:05,0,NaN
,15:57:06,0,NaN
,15:57:07,0,NaN
,15:57:08,0,NaN
,15:57:09,1.35,1.35
85,15:57:10,0,NaN
,15:57:11,0,NaN
,15:57:12,0,NaN
,15:57:13,0,NaN
,15:57:14,0,NaN
,15:57:15,0,NaN
,15:57:16,0,NaN
,15:57:17,0,NaN
,15:57:18,0,NaN
,15:57:19,0,NaN
,15:57:20,0,NaN
,15:57:21,0,NaN
,15:57:22,0,NaN
,15:57:23,0,NaN
,15:57:24,1.35,1.35
,15:57:25,0,NaN
86,15:57:26,0,NaN
,15:57:27,0,NaN
,15:57:28,0,NaN
,15:57:29,0,NaN
,15:57:30,0,NaN
,15:57:31,0,NaN
82,15:57:32,0,NaN
,15:57:33,0,NaN
,15:57:34,1.35,1.35
,15:57:35,0,NaN
,15:57:36,0,NaN
,15:57:37,0,NaN
81,15:57:38,0,NaN
,15:57:39,0,NaN
,15:57:40,0,NaN
,15:57:41,0,NaN
,15:57:42,0,NaN
,15:57:43,0,NaN
,15:57:44,1.333333333,1.333333333
,15:57:45,0,NaN
,15:57:46,0,NaN
,15:57:47,0,NaN
,15:57:48,0,NaN
,15:57:49,1.3,1.3
,15:57:50,0,NaN
,15:57:51,0,NaN
,15:57:52,0,NaN
,15:57:53,0,NaN
81,15:57:54,0,NaN
,15:57:55,0,NaN
,15:57:56,0,NaN
,15:57:57,0,NaN
,15:57:58,0,NaN
,15:57:59,1.366666667,1.366666667
,15:58:00,0,NaN
,15:58:01,0,NaN
,15:58:02,0,NaN
,15:58:03,0,NaN
,15:58:04,1.4,1.4
,15:58:05,0,NaN
,15:58:06,0,NaN
,15:58:07,0,NaN
,15:58:08,0,NaN
,15:58:09,1.383333333,1.383333333
81,15:58:10,0,NaN
,15:58:11,0,NaN
,15:58:12,0,NaN
,15:58:13,0,NaN
,15:58:14,1.366666667,1.366666667
,15:58:15,0,NaN
,15:58:16,0,NaN
,15:58:17,0,NaN
,15:58:18,0,NaN
,15:58:19,0,NaN
,15:58:20,0,NaN
81,15:58:21,0,NaN
,15:58:22,0,NaN
,15:58:23,0,NaN
,15:58:24,1.383333333,1.383333333
,15:58:25,0,NaN
,15:58:26,0,NaN
,15:58:27,0,NaN
,15:58:28,0,NaN
,15:58:29,0,NaN
,15:58:30,0,NaN
,15:58:31,0,NaN
80,15:58:32,0,NaN
,15:58:33,0,NaN
,15:58:34,1.366666667,1.366666667
,15:58:35,0,NaN
,15:58:36,0,NaN
,15:58:37,0,NaN
78,15:58:38,0,NaN
,15:58:39,0,NaN
,15:58:40,0,NaN
,15:58:41,0,NaN
,15:58:42,0,NaN
,15:58:43,0,NaN
,15:58:44,1.35,1.35
,15:58:45,0,NaN
,15:58:46,0,NaN
,15:58:47,0,NaN
,15:58:48,0,NaN
82,15:58:49,1.333333333,1.333333333
,15:58:50,0,NaN
,15:58:51,0,NaN
,15:58:52,0,NaN
,15:58:53,0,NaN
,15:58:54,0,NaN
84,15:58:55,0,NaN
,15:58:56,0,NaN
,15:58:57,0,NaN
,15:58:58,0,NaN
,15:58:59,1.35,1.35
,15:59:00,0,NaN
83,15:59:01,0,NaN
,15:59:02,0,NaN
,15:59:03,0,NaN
,15:59:04,0,NaN
,15:59:05,0,NaN
,15:59:06,0,NaN
82,15:59:07,0,NaN
,15:59:08,0,NaN
,15:59:09,1.4,1.4
,15:59:10,0,NaN
,15:59:11,0,NaN
,15:59:12,0,NaN
,15:59:13,0,NaN
,15:59:14,1.483333333,1.483333333
,15:59:15,0,NaN
,15:59:16,0,NaN
,15:59:17,0,NaN
83,15:59:18,0,NaN
,15:59:19,1.533333333,1.533333333
,15:59:20,0,NaN
,15:59:21,0,NaN
,15:59:22,0,NaN
,15:59:23,0,NaN
,15:59:24,1.516666667,1.516666667
,15:59:25,0,NaN
,15:59:26,0,NaN
,15:59:27,0,NaN
,15:59:28,0,NaN
82,15:59:29,0,NaN
,15:59:30,0,NaN
,15:59:31,0,NaN
,15:59:32,0,NaN
,15:59:33,0,NaN
,15:59:34,0,NaN
,15:59:35,0,NaN
,15:59:36,0,NaN
,15:59:37,0,NaN
,15:59:38,0,NaN
,15:59:39,1.483333333,1.483333333
81,15:59:40,0,NaN
,15:59:41,0,NaN
,15:59:42,0,NaN
,15:59:43,0,NaN
,15:59:44,1.45,1.45
,15:59:45,0,NaN
80,15:59:46,0,NaN
,15:59:47,0,NaN
,15:59:48,0,NaN
,15:59:49,1.45,1.45
,15:59:50,0,NaN
,15:59:51,0,NaN
,15:59:52,0,NaN
,15:59:53,0,NaN
,15:59:54,0,NaN
,15:59:55,0,NaN
,15:59:56,0,NaN
81,15:59:57,0,NaN
,15:59:58,0,NaN
,15:59:59,0,NaN
,16:00:00,0,NaN
,16:00:01,0,NaN
,16:00:02,0,NaN
,16:00:03,0,NaN
,16:00:04,1.433333333,1.433333333
,16:00:05,0,NaN
,16:00:06,0,NaN
,16:00:07,0,NaN
84,16:00:08,0,NaN
,16:00:09,0,NaN
,16:00:10,0,NaN
,16:00:11,0,NaN
,16:00:12,0,NaN
,16:00:13,0,NaN
89,16:00:14,0,NaN
,16:00:15,0,NaN
,16:00:16,0,NaN
,16:00:17,0,NaN
,16:00:18,0,NaN
,16:00:19,1.45,1.45
92,16:00:20,0,NaN
,16:00:21,0,NaN
,16:00:22,0,NaN
,16:00:23,0,NaN
,16:00:24,1.466666667,1.466666667
,16:00:25,0,NaN
91,16:00:26,0,NaN
,16:00:27,0,NaN
,16:00:28,0,NaN
,16:00:29,1.45,1.45
,16:00:30,0,NaN
,16:00:31,0,NaN
,16:00:32,0,NaN
,16:00:33,0,NaN
,16:00:34,1.483333333,1.483333333
,16:00:35,0,NaN
,16:00:36,0,NaN
,16:00:37,0,NaN
,16:00:38,0,NaN
,16:00:39,0,NaN
,16:00:40,0,NaN
,16:00:41,0,NaN
89,16:00:42,0,NaN
,16:00:43,0,NaN
,16:00:44,1.433333333,1.433333333
,16:00:45,0,NaN
,16:00:46,0,NaN
,16:00:47,0,NaN
87,16:00:48,0,NaN
,16:00:49,1.416666667,1.416666667
,16:00:50,0,NaN
,16:00:51,0,NaN
,16:00:52,0,NaN
,16:00:53,0,NaN
87,16:00:54,1.4,1.4
,16:00:55,0,NaN
,16:00:56,0,NaN
,16:00:57,0,NaN
,16:00:58,0,NaN
,16:00:59,0,NaN
,16:01:00,0,NaN
,16:01:01,0,NaN
,16:01:02,0,NaN
,16:01:03,0,NaN
,16:01:04,0,NaN
,16:01:05,0,NaN
,16:01:06,0,NaN
,16:01:07,0,NaN
,16:01:08,0,NaN
,16:01:09,1.4,1.4
86,16:01:10,0,NaN
,16:01:11,0,NaN
,16:01:12,0,NaN
,16:01:13,0,NaN
,16:01:14,0,NaN
,16:01:15,0,NaN
,16:01:16,0,NaN
,16:01:17,0,NaN
,16:01:18,0,NaN
,16:01:19,0,NaN
,16:01:20,0,NaN
,16:01:21,0,NaN
,16:01:22,0,NaN
,16:01:23,0,NaN
,16:01:24,1.4,1.4
,16:01:25,0,NaN
87,16:01:26,0,NaN
,16:01:27,0,NaN
,16:01:28,0,NaN
,16:01:29,0,NaN
,16:01:30,0,NaN
,16:01:31,0,NaN
88,16:01:32,0,NaN
,16:01:33,0,NaN
,16:01:34,1.416666667,1.416666667
,16:01:35,0,NaN
,16:01:36,0,NaN
,16:01:37,0,NaN
87,16:01:38,0,NaN
,16:01:39,0,NaN
,16:01:40,0,NaN
,16:01:41,0,NaN
,16:01:42,0,NaN
,16:01:43,0,NaN
89,16:01:44,0,NaN
,16:01:45,0,NaN
,16:01:46,0,NaN
,16:01:47,0,NaN
,16:01:48,0,NaN
,16:01:49,1.416666667,1.416666667
,16:01:50,0,NaN
,16:01:51,0,NaN
,16:01:52,0,NaN
,16:01:53,0,NaN
,16:01:54,1.4,1.4
86,16:01:55,0,NaN
,16:01:56,0,NaN
,16:01:57,0,NaN
,16:01:58,0,NaN
,16:01:59,1.4,1.4
,16:02:00,0,NaN
85,16:02:01,0,NaN
,16:02:02,0,NaN
,16:02:03,0,NaN
,16:02:04,0,NaN
,16:02:05,0,NaN
,16:02:06,0,NaN
84,16:02:07,0,NaN
,16:02:08,0,NaN
,16:02:09,1.383333333,1.383333333
,16:02:10,0,NaN
,16:02:11,0,NaN
,16:02:12,0,NaN
,16:02:13,0,NaN
,16:02:14,0,NaN
,16:02:15,0,NaN
,16:02:16,0,NaN
,16:02:17,0,NaN
,16:02:18,0,NaN
,16:02:19,0,NaN
,16:02:20,0,NaN
,16:02:21,0,NaN
,16:02:22,0,NaN
84,16:02:23,0,NaN
,16:02:24,1.4,1.4
,16:02:25,0,NaN
,16:02:26,0,NaN
,16:02:27,0,NaN
,16:02:28,0,NaN
,16:02:29,1.433333333,1.433333333
,16:02:30,0,NaN
,16:02:31,0,NaN
,16:02:32,0,NaN
,16:02:33,0,NaN
,16:02:34,1.433333333,1.433333333
,16:02:35,0,NaN
,16:02:36,0,NaN
,16:02:37,0,NaN
,16:02:38,0,NaN
84,16:02:39,0,NaN
,16:02:40,0,NaN
,16:02:41,0,NaN
,16:02:42,0,NaN
,16:02:43,0,NaN
,16:02:44,1.416666667,1.416666667
,16:02:45,0,NaN
,16:02:46,0,NaN
,16:02:47,0,NaN
,16:02:48,0,NaN
,16:02:49,0,NaN
85,16:02:50,0,NaN
,16:02:51,0,NaN
,16:02:52,0,NaN
,16:02:53,0,NaN
,16:02:54,0,NaN
,16:02:55,0,NaN
,16:02:56,0,NaN
,16:02:57,0,NaN
,16:02:58,0,NaN
,16:02:59,1.45,1.45
,16:03:00,0,NaN
,16:03:01,0,NaN
,16:03:02,0,NaN
,16:03:03,0,NaN
,16:03:04,1.5,1.5
,16:03:05,0,NaN
85,16:03:06,0,NaN
,16:03:07,0,NaN
,16:03:08,0,NaN
,16:03:09,1.466666667,1.466666667
,16:03:10,0,NaN
,16:03:11,0,NaN
84,16:03:12,0,NaN
,16:03:13,0,NaN
,16:03:14,1.483333333,1.483333333
,16:03:15,0,NaN
,16:03:16,0,NaN
,16:03:17,0,NaN
84,16:03:18,0,NaN
,16:03:19,1.5,1.5
,16:03:20,0,NaN
,16:03:21,0,NaN
,16:03:22,0,NaN
,16:03:23,0,NaN
,16:03:24,0,NaN
,16:03:25,0,NaN
,16:03:26,0,NaN
,16:03:27,0,NaN
,16:03:28,0,NaN
83,16:03:29,1.45,1.45
,16:03:30,0,NaN
,16:03:31,0,NaN
,16:03:32,0,NaN
,16:03:33,0,NaN
,16:03:34,1.433333333,1.433333333
,16:03:35,0,NaN
,16:03:36,0,NaN
,16:03:37,0,NaN
,16:03:38,0,NaN
,16:03:39,0,NaN
,16:03:40,0,NaN
,16:03:41,0,NaN
,16:03:42,0,NaN
,16:03:43,0,NaN
,16:03:44,1.45,1.45
84,16:03:45,0,NaN
,16:03:46,0,NaN
,16:03:47,0,NaN
,16:03:48,0,NaN
,16:03:49,1.4,1.4
,16:03:50,0,NaN
86,16:03:51,0,NaN
,16:03:52,0,NaN
,16:03:53,0,NaN
,16:03:54,1.383333333,1.383333333
,16:03:55,0,NaN
,16:03:56,0,NaN
86,16:03:57,0,NaN
,16:03:58,0,NaN
,16:03:59,1.383333333,1.383333333
,16:04:00,0,NaN
,16:04:01,0,NaN
,16:04:02,0,NaN
,16:04:03,0,NaN
,16:04:04,1.366666667,1.366666667
,16:04:05,0,NaN
,16:04:06,0,NaN
,16:04:07,0,NaN
85,16:04:08,0,NaN
,16:04:09,1.333333333,1.333333333
,16:04:10,0,NaN
,16:04:11,0,NaN
,16:04:12,0,NaN
,16:04:13,0,NaN
,16:04:14,1.316666667,1.316666667
,16:04:15,0,NaN
,16:04:16,0,NaN
,16:04:17,0,NaN
,16:04:18,0,NaN
,16:04:19,1.333333333,1.333333333
,16:04:20,0,NaN
,16:04:21,0,NaN
,16:04:22,0,NaN
,16:04:23,0,NaN
87,16:04:24,1.333333333,1.333333333
,16:04:25,0,NaN
,16:04:26,0,NaN
,16:04:27,0,NaN
,16:04:28,0,NaN
,16:04:29,0,NaN
90,16:04:30,0,NaN
,16:04:31,0,NaN
,16:04:32,0,NaN
,16:04:33,0,NaN
,16:04:34,1.333333333,1.333333333
,16:04:35,0,NaN
88,16:04:36,0,NaN
,16:04:37,0,NaN
,16:04:38,0,NaN
,16:04:39,1.333333333,1.333333333
,16:04:40,0,NaN
,16:04:41,0,NaN
89,16:04:42,0,NaN
,16:04:43,0,NaN
,16:04:44,0,NaN
,16:04:45,0,NaN
,16:04:46,0,NaN
,16:04:47,0,NaN
90,16:04:48,0,NaN
,16:04:49,1.316666667,1.316666667
,16:04:50,0,NaN
,16:04:51,0,NaN
,16:04:52,0,NaN
,16:04:53,0,NaN
,16:04:54,1.35,1.35
,16:04:55,0,NaN
,16:04:56,0,NaN
,16:04:57,0,NaN
,16:04:58,0,NaN
87,16:04:59,1.383333333,1.383333333
,16:05:00,0,NaN
,16:05:01,0,NaN
,16:05:02,0,NaN
,16:05:03,0,NaN
,16:05:04,1.333333333,1.333333333
86,16:05:05,0,NaN
,16:05:06,0,NaN
,16:05:07,0,NaN
,16:05:08,0,NaN
,16:05:09,1.333333333,1.333333333
,16:05:10,0,NaN
,16:05:11,0,NaN
,16:05:12,0,NaN
,16:05:13,0,NaN
,16:05:14,0,NaN
,16:05:15,0,NaN
87,16:05:16,0,NaN
,16:05:17,0,NaN
,16:05:18,0,NaN
,16:05:19,0,NaN
,16:05:20,0,NaN
,16:05:21,0,NaN
84,16:05:22,0,NaN
,16:05:23,0,NaN
,16:05:24,1.333333333,1.333333333
,16:05:25,0,NaN
,16:05:26,0,NaN
,16:05:27,0,NaN
83,16:05:28,0,NaN
,16:05:29,0,NaN
,16:05:30,0,NaN
,16:05:31,0,NaN
,16:05:32,0,NaN
,16:05:33,0,NaN
83,16:05:34,1.35,1.35
,16:05:35,0,NaN
,16:05:36,0,NaN
,16:05:37,0,NaN
,16:05:38,0,NaN
,16:05:39,0,NaN
82,16:05:40,0,NaN
,16:05:41,0,NaN
,16:05:42,0,NaN
,16:05:43,0,NaN
,16:05:44,1.333333333,1.333333333
,16:05:45,0,NaN
80,16:05:46,0,NaN
,16:05:47,0,NaN
,16:05:48,0,NaN
,16:05:49,0,NaN
,16:05:50,0,NaN
,16:05:51,0,NaN
79,16:05:52,0,NaN
,16:05:53,0,NaN
,16:05:54,1.366666667,1.366666667
,16:05:55,0,NaN
,16:05:56,0,NaN
,16:05:57,0,NaN
80,16:05:58,0,NaN
,16:05:59,1.4,1.4
,16:06:00,0,NaN
,16:06:01,0,NaN
,16:06:02,0,NaN
,16:06:03,0,NaN
80,16:06:04,1.333333333,1.333333333
,16:06:05,0,NaN
,16:06:06,0,NaN
,16:06:07,0,NaN
,16:06:08,0,NaN
,16:06:09,1.316666667,1.316666667
,16:06:10,0,NaN
,16:06:11,0,NaN
,16:06:12,0,NaN
,16:06:13,0,NaN
,16:06:14,0,NaN
80,16:06:15,0,NaN
,16:06:16,0,NaN
,16:06:17,0,NaN
,16:06:18,0,NaN
,16:06:19,1.333333333,1.333333333
,16:06:20,0,NaN
80,16:06:21,0,NaN
,16:06:22,0,NaN
,16:06:23,0,NaN
,16:06:24,1.333333333,1.333333333
,16:06:25,0,NaN
,16:06:26,0,NaN
,16:06:27,0,NaN
,16:06:28,0,NaN
,16:06:29,1.333333333,1.333333333
,16:06:30,0,NaN
,16:06:31,0,NaN
79,16:06:32,0,NaN
,16:06:33,0,NaN
,16:06:34,1.333333333,1.333333333
,16:06:35,0,NaN
,16:06:36,0,NaN
,16:06:37,0,NaN
81,16:06:38,0,NaN
,16:06:39,0,NaN
,16:06:40,0,NaN
,16:06:41,0,NaN
,16:06:42,0,NaN
,16:06:43,0,NaN
83,16:06:44,1.316666667,1.316666667
,16:06:45,0,NaN
,16:06:46,0,NaN
,16:06:47,0,NaN
,16:06:48,0,NaN
,16:06:49,1.316666667,1.316666667
80,16:06:50,0,NaN
,16:06:51,0,NaN
,16:06:52,0,NaN
,16:06:53,0,NaN
,16:06:54,0,NaN
,16:06:55,0,NaN
80,16:06:56,0,NaN
,16:06:57,0,NaN
,16:06:58,0,NaN
,16:06:59,0,NaN
,16:07:00,0,NaN
,16:07:01,0,NaN
,16:07:02,0,NaN
,16:07:03,0,NaN
,16:07:04,1.316666667,1.316666667
,16:07:05,0,NaN
,16:07:06,0,NaN
,16:07:07,0,NaN
,16:07:08,0,NaN
,16:07:09,0,NaN
,16:07:10,0,NaN
,16:07:11,0,NaN
80,16:07:12,0,NaN
,16:07:13,0,NaN
,16:07:14,0,NaN
,16:07:15,0,NaN
,16:07:16,0,NaN
,16:07:17,0,NaN
,16:07:18,0,NaN
,16:07:19,1.316666667,1.316666667
,16:07:20,0,NaN
,16:07:21,0,NaN
,16:07:22,0,NaN
81,16:07:23,0,NaN
,16:07:24,0,NaN
,16:07:25,0,NaN
,16:07:26,0,NaN
,16:07:27,0,NaN
,16:07:28,0,NaN
,16:07:29,0,NaN
,16:07:30,0,NaN
,16:07:31,0,NaN
,16:07:32,0,NaN
,16:07:33,0,NaN
80,16:07:34,1.333333333,1.333333333
,16:07:35,0,NaN
,16:07:36,0,NaN
,16:07:37,0,NaN
,16:07:38,0,NaN
,16:07:39,1.383333333,1.383333333
,16:07:40,0,NaN
,16:07:41,0,NaN
,16:07:42,0,NaN
,16:07:43,0,NaN
,16:07:44,1.366666667,1.366666667
82,16:07:45,0,NaN
,16:07:46,0,NaN
,16:07:47,0,NaN
,16:07:48,0,NaN
,16:07:49,1.35,1.35
,16:07:50,0,NaN
84,16:07:51,0,NaN
,16:07:52,0,NaN
,16:07:53,0,NaN
,16:07:54,1.366666667,1.366666667
,16:07:55,0,NaN
,16:07:56,0,NaN
80,16:07:57,0,NaN
,16:07:58,0,NaN
,16:07:59,1.366666667,1.366666667
,16:08:00,0,NaN
,16:08:01,0,NaN
,16:08:02,0,NaN
79,16:08:03,0,NaN
,16:08:04,1.35,1.35
,16:08:05,0,NaN
,16:08:06,0,NaN
,16:08:07,0,NaN
,16:08:08,0,NaN
,16:08:09,0,NaN
,16:08:10,0,NaN
,16:08:11,0,NaN
,16:08:12,0,NaN
,16:08:13,0,NaN
80,16:08:14,1.35,1.35
,16:08:15,0,NaN
,16:08:16,0,NaN
,16:08:17,0,NaN
,16:08:18,0,NaN
,16:08:19,1.3,1.3
80,16:08:20,0,NaN
,16:08:21,0,NaN
,16:08:22,0,NaN
,16:08:23,0,NaN
,16:08:24,1.316666667,1.316666667
,16:08:25,0,NaN
80,16:08:26,0,NaN
,16:08:27,0,NaN
,16:08:28,0,NaN
,16:08:29,1.316666667,1.316666667
,16:08:30,0,NaN
,16:08:31,0,NaN
80,16:08:32,0,NaN
,16:08:33,0,NaN
,16:08:34,1.333333333,1.333333333
,16:08:35,0,NaN
,16:08:36,0,NaN
,16:08:37,0,NaN
,16:08:38,0,NaN
,16:08:39,0,NaN
,16:08:40,0,NaN
,16:08:41,0,NaN
,16:08:42,0,NaN
79,16:08:43,0,NaN
,16:08:44,1.35,1.35
,16:08:45,0,NaN
,16:08:46,0,NaN
,16:08:47,0,NaN
,16:08:48,0,NaN
79,16:08:49,0,NaN
,16:08:50,0,NaN
,16:08:51,0,NaN
,16:08:52,0,NaN
,16:08:53,0,NaN
,16:08:54,1.333333333,1.333333333
,16:08:55,0,NaN
,16:08:56,0,NaN
,16:08:57,0,NaN
,16:08:58,0,NaN
,16:08:59,0,NaN
,16:09:00,0,NaN
,16:09:01,0,NaN
,16:09:02,0,NaN
,16:09:03,0,NaN
,16:09:04,0,NaN
79,16:09:05,0,NaN
,16:09:06,0,NaN
,16:09:07,0,NaN
,16:09:08,0,NaN
,16:09:09,1.333333333,1.333333333
,16:09:10,0,NaN
,16:09:11,0,NaN
,16:09:12,0,NaN
,16:09:13,0,NaN
,16:09:14,1.35,1.35
,16:09:15,0,NaN
,16:09:16,0,NaN
,16:09:17,0,NaN
,16:09:18,0,NaN
,16:09:19,1.4,1.4
,16:09:20,0,NaN
79,16:09:21,0,NaN
,16:09:22,0,NaN
,16:09:23,0,NaN
,16:09:24,1.433333333,1.433333333
,16:09:25,0,NaN
,16:09:26,0,NaN
,16:09:27,0,NaN
,16:09:28,0,NaN
,16:09:29,1.416666667,1.416666667
,16:09:30,0,NaN
,16:09:31,0,NaN
,16:09:32,0,NaN
,16:09:33,0,NaN
,16:09:34,0,NaN
,16:09:35,0,NaN
,16:09:36,0,NaN
80,16:09:37,0,NaN
,16:09:38,0,NaN
,16:09:39,1.433333333,1.433333333
,16:09:40,0,NaN
,16:09:41,0,NaN
,16:09:42,0,NaN
83,16:09:43,0,NaN
,16:09:44,1.433333333,1.433333333
,16:09:45,0,NaN
,16:09:46,0,NaN
,16:09:47,0,NaN
,16:09:48,0,NaN
82,16:09:49,1.433333333,1.433333333
,16:09:50,0,NaN
,16:09:51,0,NaN
,16:09:52,0,NaN
,16:09:53,0,NaN
,16:09:54,0,NaN
81,16:09:55,0,NaN
,16:09:56,0,NaN
,16:09:57,0,NaN
,16:09:58,0,NaN
,16:09:59,0,NaN
,16:10:00,0,NaN
82,16:10:01,0,NaN
,16:10:02,0,NaN
,16:10:03,0,NaN
,16:10:04,1.433333333,1.433333333
,16:10:05,0,NaN
,16:10:06,0,NaN
82,16:10:07,0,NaN
,16:10:08,0,NaN
,16:10:09,0,NaN
,16:10:10,0,NaN
,16:10:11,0,NaN
,16:10:12,0,NaN
81,16:10:13,0,NaN
,16:10:14,0,NaN
,16:10:15,0,NaN
,16:10:16,0,NaN
,16:10:17,0,NaN
,16:10:18,0,NaN
,16:10:19,1.45,1.45
,16:10:20,0,NaN
,16:10:21,0,NaN
,16:10:22,0,NaN
,16:10:23,0,NaN
81,16:10:24,0,NaN
,16:10:25,0,NaN
,16:10:26,0,NaN
,16:10:27,0,NaN
,16:10:28,0,NaN
,16:10:29,0,NaN
78,16:10:30,0,NaN
,16:10:31,0,NaN
,16:10:32,0,NaN
,16:10:33,0,NaN
,16:10:34,1.45,1.45
,16:10:35,0,NaN
79,16:10:36,0,NaN
,16:10:37,0,NaN
,16:10:38,0,NaN
,16:10:39,0,NaN
,16:10:40,0,NaN
,16:10:41,0,NaN
79,16:10:42,0,NaN
,16:10:43,0,NaN
,16:10:44,0,NaN
,16:10:45,0,NaN
,16:10:46,0,NaN
,16:10:47,0,NaN
80,16:10:48,0,NaN
,16:10:49,1.45,1.45
,16:10:50,0,NaN
,16:10:51,0,NaN
,16:10:52,0,NaN
,16:10:53,0,NaN
,16:10:54,0,NaN
,16:10:55,0,NaN
,16:10:56,0,NaN
,16:10:57,0,NaN
,16:10:58,0,NaN
81,16:10:59,0,NaN
,16:11:00,0,NaN
,16:11:01,0,NaN
,16:11:02,0,NaN
,16:11:03,0,NaN
,16:11:04,1.45,1.45
,16:11:05,0,NaN
,16:11:06,0,NaN
,16:11:07,0,NaN
,16:11:08,0,NaN
,16:11:09,1.366666667,1.366666667
80,16:11:10,0,NaN
,16:11:11,0,NaN
,16:11:12,0,NaN
,16:11:13,0,NaN
,16:11:14,0,NaN
,16:11:15,0,NaN
,16:11:16,0,NaN
,16:11:17,0,NaN
,16:11:18,0,NaN
,16:11:19,1.35,1.35
,16:11:20,0,NaN
,16:11:21,0,NaN
,16:11:22,0,NaN
,16:11:23,0,NaN
,16:11:24,1.333333333,1.333333333
,16:11:25,0,NaN
80,16:11:26,0,NaN
,16:11:27,0,NaN
,16:11:28,0,NaN
,16:11:29,1.35,1.35
,16:11:30,0,NaN
,16:11:31,0,NaN
81,16:11:32,0,NaN
,16:11:33,0,NaN
,16:11:34,1.366666667,1.366666667
,16:11:35,0,NaN
,16:11:36,0,NaN
,16:11:37,0,NaN
84,16:11:38,0,NaN
,16:11:39,1.383333333,1.383333333
,16:11:40,0,NaN
,16:11:41,0,NaN
,16:11:42,0,NaN
,16:11:43,0,NaN
86,16:11:44,1.4,1.4
,16:11:45,0,NaN
,16:11:46,0,NaN
,16:11:47,0,NaN
,16:11:48,0,NaN
,16:11:49,0,NaN
85,16:11:50,0,NaN
,16:11:51,0,NaN
,16:11:52,0,NaN
,16:11:53,0,NaN
,16:11:54,0,NaN
,16:11:55,0,NaN
,16:11:56,0,NaN
,16:11:57,0,NaN
,16:11:58,0,NaN
,16:11:59,1.4,1.4
,,,
86,,,
,,,
,,,
,,,
,,,
,,,
86,,,
,,,
,,,
,,,
,,,
,,,
86,,,
,,,
,,,
,,,
,,,
,,,
,,,
,,,
,,,
,,,
,,,
,,,
,,,
,,,
,,,
,,,
86,,,
,,,
,,,
,,,
,,,
,,,
,,,
,,,
,,,
,,,
,,,
,,,
,,,
,,,
,,,
,,,
87,,,
,,,
,,,
,,,
,,,
,,,
,,,
,,,
,,,
,,,
,,,
,,,
,,,
,,,
,,,
,,,
87,,,
,,,
,,,
,,,
,,,
,,,
,,,
,,,
,,,
,,,
,,,
,,,
,,,
,,,
,,,
,,,
87,,,
,,,
,,,
,,,
,,,
,,,
,,,
,,,
,,,
,,,
,,,
,,,
,,,
,,,
,,,
,,,
87,,,
,,,
,,,
,,,
,,,
,,,
82,,,
,,,
,,,
,,,
,,,
,,,
,,,
,,,
,,,
,,,
,,,
81,,,
,,,
,,,
,,,
,,,
,,,
80,,,
,,,
,,,
,,,
,,,
,,,
81,,,
,,,
,,,
,,,
,,,
,,,
82,,,
,,,
,,,
,,,
,,,
,,,
83,,,
,,,
,,,
,,,
,,,
,,,
84,,,
,,,
,,,
,,,
,,,
,,,
,,,
,,,
,,,
,,,
,,,
,,,
,,,
,,,
,,,
,,,
84,,,
