,,RRI,RRI
83,15:30:02,1.383333333,1.383333333
,15:30:03,0,NaN
,15:30:04,0,NaN
,15:30:05,0,NaN
,15:30:06,0,NaN
84,15:30:07,1.4,1.4
,15:30:08,0,NaN
,15:30:09,0,NaN
,15:30:10,0,NaN
,15:30:11,0,NaN
85,15:30:12,1.416666667,1.416666667
,15:30:13,0,NaN
,15:30:14,0,NaN
,15:30:15,0,NaN
,15:30:16,0,NaN
,15:30:17,0,NaN
,15:30:18,0,NaN
,15:30:19,0,NaN
,15:30:20,0,NaN
,15:30:21,0,NaN
,15:30:22,0,NaN
,15:30:23,0,NaN
,15:30:24,0,NaN
,15:30:25,0,NaN
,15:30:26,0,NaN
85,15:30:27,1.416666667,1.416666667
,15:30:28,0,NaN
,15:30:29,0,NaN
,15:30:30,0,NaN
,15:30:31,0,NaN
87,15:30:32,1.45,1.45
,15:30:33,0,NaN
,15:30:34,0,NaN
,15:30:35,0,NaN
,15:30:36,0,NaN
,15:30:37,0,NaN
,15:30:38,0,NaN
,15:30:39,0,NaN
,15:30:40,0,NaN
,15:30:41,0,NaN
86,15:30:42,1.433333333,1.433333333
,15:30:43,0,NaN
,15:30:44,0,NaN
,15:30:45,0,NaN
,15:30:46,0,NaN
,15:30:47,0,NaN
,15:30:48,0,NaN
,15:30:49,0,NaN
,15:30:50,0,NaN
,15:30:51,0,NaN
,15:30:52,0,NaN
,15:30:53,0,NaN
,15:30:54,0,NaN
,15:30:55,0,NaN
,15:30:56,0,NaN
86,15:30:57,1.433333333,1.433333333
,15:30:58,0,NaN
,15:30:59,0,NaN
,15:31:00,0,NaN
,15:31:01,0,NaN
,15:31:02,0,NaN
,15:31:03,0,NaN
,15:31:04,0,NaN
88,15:31:05,1.466666667,1.466666667
,15:31:06,0,NaN
,15:31:07,0,NaN
,15:31:08,0,NaN
,15:31:09,0,NaN
89,15:31:10,1.483333333,1.483333333
,15:31:11,0,NaN
,15:31:12,0,NaN
,15:31:13,0,NaN
,15:31:14,0,NaN
90,15:31:15,1.5,1.5
,15:31:16,0,NaN
,15:31:17,0,NaN
,15:31:18,0,NaN
,15:31:19,0,NaN
92,15:31:20,1.533333333,1.533333333
,15:31:21,0,NaN
,15:31:22,0,NaN
,15:31:23,0,NaN
,15:31:24,0,NaN
,15:31:25,0,NaN
,15:31:26,0,NaN
,15:31:27,0,NaN
,15:31:28,0,NaN
,15:31:29,0,NaN
95,15:31:30,1.583333333,1.583333333
,15:31:31,0,NaN
,15:31:32,0,NaN
,15:31:33,0,NaN
,15:31:34,0,NaN
97,15:31:35,1.616666667,1.616666667
,15:31:36,0,NaN
,15:31:37,0,NaN
,15:31:38,0,NaN
,15:31:39,0,NaN
99,15:31:40,1.65,1.65
,15:31:41,0,NaN
,15:31:42,0,NaN
,15:31:43,0,NaN
,15:31:44,0,NaN
98,15:31:45,1.633333333,1.633333333
,15:31:46,0,NaN
,15:31:47,0,NaN
,15:31:48,0,NaN
,15:31:49,0,NaN
,15:31:50,0,NaN
,15:31:51,0,NaN
,15:31:52,0,NaN
,15:31:53,0,NaN
,15:31:54,0,NaN
,15:31:55,0,NaN
,15:31:56,0,NaN
,15:31:57,0,NaN
,15:31:58,0,NaN
,15:31:59,0,NaN
98,15:32:00,1.633333333,1.633333333
,15:32:01,0,NaN
,15:32:02,0,NaN
,15:32:03,0,NaN
,15:32:04,0,NaN
,15:32:05,0,NaN
,15:32:06,0,NaN
,15:32:07,0,NaN
,15:32:08,0,NaN
,15:32:09,0,NaN
101,15:32:10,1.683333333,1.683333333
,15:32:11,0,NaN
,15:32:12,0,NaN
,15:32:13,0,NaN
,15:32:14,0,NaN
106,15:32:15,1.766666667,1.766666667
,15:32:16,0,NaN
,15:32:17,0,NaN
,15:32:18,0,NaN
,15:32:19,0,NaN
111,15:32:20,1.85,1.85
,15:32:21,0,NaN
,15:32:22,0,NaN
,15:32:23,0,NaN
,15:32:24,0,NaN
113,15:32:25,1.883333333,1.883333333
,15:32:26,0,NaN
,15:32:27,0,NaN
,15:32:28,0,NaN
,15:32:29,0,NaN
,15:32:30,0,NaN
,15:32:31,0,NaN
,15:32:32,0,NaN
,15:32:33,0,NaN
,15:32:34,0,NaN
,15:32:35,0,NaN
,15:32:36,0,NaN
,15:32:37,0,NaN
,15:32:38,0,NaN
,15:32:39,0,NaN
113,15:32:40,1.883333333,1.883333333
,15:32:41,0,NaN
,15:32:42,0,NaN
,15:32:43,0,NaN
,15:32:44,0,NaN
,15:32:45,0,NaN
,15:32:46,0,NaN
,15:32:47,0,NaN
,15:32:48,0,NaN
,15:32:49,0,NaN
102,15:32:50,1.7,1.7
,15:32:51,0,NaN
,15:32:52,0,NaN
,15:32:53,0,NaN
,15:32:54,0,NaN
97,15:32:55,1.616666667,1.616666667
,15:32:56,0,NaN
,15:32:57,0,NaN
,15:32:58,0,NaN
,15:32:59,0,NaN
96,15:33:00,1.6,1.6
,15:33:01,0,NaN
,15:33:02,0,NaN
,15:33:03,0,NaN
,15:33:04,0,NaN
97,15:33:05,1.616666667,1.616666667
,15:33:06,0,NaN
,15:33:07,0,NaN
,15:33:08,0,NaN
,15:33:09,0,NaN
100,15:33:10,1.666666667,1.666666667
,15:33:11,0,NaN
,15:33:12,0,NaN
,15:33:13,0,NaN
,15:33:14,0,NaN
101,15:33:15,1.683333333,1.683333333
,15:33:16,0,NaN
,15:33:17,0,NaN
,15:33:18,0,NaN
,15:33:19,0,NaN
103,15:33:20,1.716666667,1.716666667
,15:33:21,0,NaN
,15:33:22,0,NaN
,15:33:23,0,NaN
,15:33:24,0,NaN
107,15:33:25,1.783333333,1.783333333
,15:33:26,0,NaN
,15:33:27,0,NaN
,15:33:28,0,NaN
,15:33:29,0,NaN
108,15:33:30,1.8,1.8
,15:33:31,0,NaN
,15:33:32,0,NaN
,15:33:33,0,NaN
,15:33:34,0,NaN
,15:33:35,0,NaN
,15:33:36,0,NaN
,15:33:37,0,NaN
,15:33:38,0,NaN
,15:33:39,0,NaN
102,15:33:40,1.7,1.7
,15:33:41,0,NaN
,15:33:42,0,NaN
,15:33:43,0,NaN
,15:33:44,0,NaN
98,15:33:45,1.633333333,1.633333333
,15:33:46,0,NaN
,15:33:47,0,NaN
,15:33:48,0,NaN
,15:33:49,0,NaN
,15:33:50,0,NaN
,15:33:51,0,NaN
99,15:33:52,1.65,1.65
,15:33:53,0,NaN
,15:33:54,0,NaN
,15:33:55,0,NaN
,15:33:56,0,NaN
100,15:33:57,1.666666667,1.666666667
,15:33:58,0,NaN
,15:33:59,0,NaN
,15:34:00,0,NaN
,15:34:01,0,NaN
102,15:34:02,1.7,1.7
,15:34:03,0,NaN
,15:34:04,0,NaN
,15:34:05,0,NaN
,15:34:06,0,NaN
,15:34:07,0,NaN
,15:34:08,0,NaN
,15:34:09,0,NaN
,15:34:10,0,NaN
,15:34:11,0,NaN
104,15:34:12,1.733333333,1.733333333
,15:34:13,0,NaN
,15:34:14,0,NaN
,15:34:15,0,NaN
,15:34:16,0,NaN
105,15:34:17,1.75,1.75
,15:34:18,0,NaN
,15:34:19,0,NaN
,15:34:20,0,NaN
,15:34:21,0,NaN
102,15:34:22,1.7,1.7
,15:34:23,0,NaN
,15:34:24,0,NaN
,15:34:25,0,NaN
,15:34:26,0,NaN
100,15:34:27,1.666666667,1.666666667
,15:34:28,0,NaN
,15:34:29,0,NaN
,15:34:30,0,NaN
,15:34:31,0,NaN
101,15:34:32,1.683333333,1.683333333
,15:34:33,0,NaN
,15:34:34,0,NaN
,15:34:35,0,NaN
,15:34:36,0,NaN
102,15:34:37,1.7,1.7
,15:34:38,0,NaN
,15:34:39,0,NaN
,15:34:40,0,NaN
,15:34:41,0,NaN
,15:34:42,0,NaN
,15:34:43,0,NaN
,15:34:44,0,NaN
,15:34:45,0,NaN
,15:34:46,0,NaN
101,15:34:47,1.683333333,1.683333333
,15:34:48,0,NaN
,15:34:49,0,NaN
,15:34:50,0,NaN
,15:34:51,0,NaN
,15:34:52,0,NaN
,15:34:53,0,NaN
,15:34:54,0,NaN
,15:34:55,0,NaN
,15:34:56,0,NaN
,15:34:57,0,NaN
,15:34:58,0,NaN
,15:34:59,0,NaN
,15:35:00,0,NaN
,15:35:01,0,NaN
103,15:35:02,1.716666667,1.716666667
,15:35:03,0,NaN
,15:35:04,0,NaN
,15:35:05,0,NaN
,15:35:06,0,NaN
104,15:35:07,1.733333333,1.733333333
,15:35:08,0,NaN
,15:35:09,0,NaN
,15:35:10,0,NaN
,15:35:11,0,NaN
104,15:35:12,1.733333333,1.733333333
,15:35:13,0,NaN
,15:35:14,0,NaN
,15:35:15,0,NaN
,15:35:16,0,NaN
,15:35:17,0,NaN
,15:35:18,0,NaN
,15:35:19,0,NaN
,15:35:20,0,NaN
,15:35:21,0,NaN
,15:35:22,0,NaN
,15:35:23,0,NaN
,15:35:24,0,NaN
,15:35:25,0,NaN
,15:35:26,0,NaN
104,15:35:27,1.733333333,1.733333333
,15:35:28,0,NaN
,15:35:29,0,NaN
,15:35:30,0,NaN
,15:35:31,0,NaN
105,15:35:32,1.75,1.75
,15:35:33,0,NaN
,15:35:34,0,NaN
,15:35:35,0,NaN
,15:35:36,0,NaN
104,15:35:37,1.733333333,1.733333333
,15:35:38,0,NaN
,15:35:39,0,NaN
,15:35:40,0,NaN
,15:35:41,0,NaN
103,15:35:42,1.716666667,1.716666667
,15:35:43,0,NaN
,15:35:44,0,NaN
,15:35:45,0,NaN
,15:35:46,0,NaN
99,15:35:47,1.65,1.65
,15:35:48,0,NaN
,15:35:49,0,NaN
,15:35:50,0,NaN
,15:35:51,0,NaN
95,15:35:52,1.583333333,1.583333333
,15:35:53,0,NaN
,15:35:54,0,NaN
,15:35:55,0,NaN
,15:35:56,0,NaN
,15:35:57,0,NaN
,15:35:58,0,NaN
,15:35:59,0,NaN
,15:36:00,0,NaN
,15:36:01,0,NaN
97,15:36:02,1.616666667,1.616666667
,15:36:03,0,NaN
,15:36:04,0,NaN
,15:36:05,0,NaN
,15:36:06,0,NaN
103,15:36:07,1.716666667,1.716666667
,15:36:08,0,NaN
,15:36:09,0,NaN
,15:36:10,0,NaN
,15:36:11,0,NaN
107,15:36:12,1.783333333,1.783333333
,15:36:13,0,NaN
,15:36:14,0,NaN
,15:36:15,0,NaN
,15:36:16,0,NaN
,15:36:17,0,NaN
,15:36:18,0,NaN
,15:36:19,0,NaN
,15:36:20,0,NaN
,15:36:21,0,NaN
,15:36:22,0,NaN
,15:36:23,0,NaN
,15:36:24,0,NaN
,15:36:25,0,NaN
,15:36:26,0,NaN
107,15:36:27,1.783333333,1.783333333
,15:36:28,0,NaN
,15:36:29,0,NaN
,15:36:30,0,NaN
,15:36:31,0,NaN
108,15:36:32,1.8,1.8
,15:36:33,0,NaN
,15:36:34,0,NaN
,15:36:35,0,NaN
,15:36:36,0,NaN
109,15:36:37,1.816666667,1.816666667
,15:36:38,0,NaN
,15:36:39,0,NaN
,15:36:40,0,NaN
,15:36:41,0,NaN
110,15:36:42,1.833333333,1.833333333
,15:36:43,0,NaN
,15:36:44,0,NaN
,15:36:45,0,NaN
,15:36:46,0,NaN
,15:36:47,0,NaN
,15:36:48,0,NaN
,15:36:49,0,NaN
,15:36:50,0,NaN
,15:36:51,0,NaN
108,15:36:52,1.8,1.8
,15:36:53,0,NaN
,15:36:54,0,NaN
,15:36:55,0,NaN
,15:36:56,0,NaN
107,15:36:57,1.783333333,1.783333333
,15:36:58,0,NaN
,15:36:59,0,NaN
,15:37:00,0,NaN
,15:37:01,0,NaN
105,15:37:02,1.75,1.75
,15:37:03,0,NaN
,15:37:04,0,NaN
,15:37:05,0,NaN
,15:37:06,0,NaN
104,15:37:07,1.733333333,1.733333333
,15:37:08,0,NaN
,15:37:09,0,NaN
,15:37:10,0,NaN
,15:37:11,0,NaN
105,15:37:12,1.75,1.75
,15:37:13,0,NaN
,15:37:14,0,NaN
,15:37:15,0,NaN
,15:37:16,0,NaN
,15:37:17,0,NaN
,15:37:18,0,NaN
,15:37:19,0,NaN
,15:37:20,0,NaN
,15:37:21,0,NaN
108,15:37:22,1.8,1.8
,15:37:23,0,NaN
,15:37:24,0,NaN
,15:37:25,0,NaN
,15:37:26,0,NaN
111,15:37:27,1.85,1.85
,15:37:28,0,NaN
,15:37:29,0,NaN
,15:37:30,0,NaN
,15:37:31,0,NaN
110,15:37:32,1.833333333,1.833333333
,15:37:33,0,NaN
,15:37:34,0,NaN
,15:37:35,0,NaN
,15:37:36,0,NaN
103,15:37:37,1.716666667,1.716666667
,15:37:38,0,NaN
,15:37:39,0,NaN
,15:37:40,0,NaN
,15:37:41,0,NaN
101,15:37:42,1.683333333,1.683333333
,15:37:43,0,NaN
,15:37:44,0,NaN
,15:37:45,0,NaN
,15:37:46,0,NaN
99,15:37:47,1.65,1.65
,15:37:48,0,NaN
,15:37:49,0,NaN
,15:37:50,0,NaN
,15:37:51,0,NaN
98,15:37:52,1.633333333,1.633333333
,15:37:53,0,NaN
,15:37:54,0,NaN
,15:37:55,0,NaN
,15:37:56,0,NaN
97,15:37:57,1.616666667,1.616666667
,15:37:58,0,NaN
,15:37:59,0,NaN
,15:38:00,0,NaN
,15:38:01,0,NaN
98,15:38:02,1.633333333,1.633333333
,15:38:03,0,NaN
,15:38:04,0,NaN
,15:38:05,0,NaN
,15:38:06,0,NaN
,15:38:07,0,NaN
,15:38:08,0,NaN
,15:38:09,0,NaN
,15:38:10,0,NaN
,15:38:11,0,NaN
99,15:38:12,1.65,1.65
,15:38:13,0,NaN
,15:38:14,0,NaN
,15:38:15,0,NaN
,15:38:16,0,NaN
100,15:38:17,1.666666667,1.666666667
,15:38:18,0,NaN
,15:38:19,0,NaN
,15:38:20,0,NaN
,15:38:21,0,NaN
102,15:38:22,1.7,1.7
,15:38:23,0,NaN
,15:38:24,0,NaN
,15:38:25,0,NaN
,15:38:26,0,NaN
103,15:38:27,1.716666667,1.716666667
,15:38:28,0,NaN
,15:38:29,0,NaN
,15:38:30,0,NaN
,15:38:31,0,NaN
,15:38:32,0,NaN
,15:38:33,0,NaN
,15:38:34,0,NaN
,15:38:35,0,NaN
,15:38:36,0,NaN
102,15:38:37,1.7,1.7
,15:38:38,0,NaN
,15:38:39,0,NaN
,15:38:40,0,NaN
,15:38:41,0,NaN
101,15:38:42,1.683333333,1.683333333
,15:38:43,0,NaN
,15:38:44,0,NaN
,15:38:45,0,NaN
,15:38:46,0,NaN
,15:38:47,0,NaN
,15:38:48,0,NaN
,15:38:49,0,NaN
,15:38:50,0,NaN
,15:38:51,0,NaN
,15:38:52,0,NaN
,15:38:53,0,NaN
,15:38:54,0,NaN
,15:38:55,0,NaN
,15:38:56,0,NaN
101,15:38:57,1.683333333,1.683333333
,15:38:58,0,NaN
,15:38:59,0,NaN
,15:39:00,0,NaN
,15:39:01,0,NaN
99,15:39:02,1.65,1.65
,15:39:03,0,NaN
,15:39:04,0,NaN
,15:39:05,0,NaN
,15:39:06,0,NaN
,15:39:07,0,NaN
,15:39:08,0,NaN
,15:39:09,0,NaN
,15:39:10,0,NaN
,15:39:11,0,NaN
98,15:39:12,1.633333333,1.633333333
,15:39:13,0,NaN
,15:39:14,0,NaN
,15:39:15,0,NaN
,15:39:16,0,NaN
99,15:39:17,1.65,1.65
,15:39:18,0,NaN
,15:39:19,0,NaN
,15:39:20,0,NaN
,15:39:21,0,NaN
,15:39:22,0,NaN
,15:39:23,0,NaN
,15:39:24,0,NaN
,15:39:25,0,NaN
,15:39:26,0,NaN
,15:39:27,0,NaN
,15:39:28,0,NaN
,15:39:29,0,NaN
,15:39:30,0,NaN
,15:39:31,0,NaN
99,15:39:32,1.65,1.65
,15:39:33,0,NaN
,15:39:34,0,NaN
,15:39:35,0,NaN
,15:39:36,0,NaN
101,15:39:37,1.683333333,1.683333333
,15:39:38,0,NaN
,15:39:39,0,NaN
,15:39:40,0,NaN
,15:39:41,0,NaN
,15:39:42,0,NaN
101,15:39:43,1.683333333,1.683333333
,15:39:44,0,NaN
,15:39:45,0,NaN
,15:39:46,0,NaN
,15:39:47,0,NaN
,15:39:48,0,NaN
,15:39:49,0,NaN
,15:39:50,0,NaN
,15:39:51,0,NaN
,15:39:52,0,NaN
,15:39:53,0,NaN
,15:39:54,0,NaN
,15:39:55,0,NaN
,15:39:56,0,NaN
,15:39:57,0,NaN
100,15:39:58,1.666666667,1.666666667
,15:39:59,0,NaN
,15:40:00,0,NaN
,15:40:01,0,NaN
,15:40:02,0,NaN
103,15:40:03,1.716666667,1.716666667
,15:40:04,0,NaN
,15:40:05,0,NaN
,15:40:06,0,NaN
,15:40:07,0,NaN
102,15:40:08,1.7,1.7
,15:40:09,0,NaN
,15:40:10,0,NaN
,15:40:11,0,NaN
,15:40:12,0,NaN
,15:40:13,0,NaN
,15:40:14,0,NaN
,15:40:15,0,NaN
,15:40:16,0,NaN
,15:40:17,0,NaN
,15:40:18,0,NaN
,15:40:19,0,NaN
,15:40:20,0,NaN
,15:40:21,0,NaN
,15:40:22,0,NaN
101,15:40:23,1.683333333,1.683333333
,15:40:24,0,NaN
,15:40:25,0,NaN
,15:40:26,0,NaN
,15:40:27,0,NaN
100,15:40:28,1.666666667,1.666666667
,15:40:29,0,NaN
,15:40:30,0,NaN
,15:40:31,0,NaN
,15:40:32,0,NaN
101,15:40:33,1.683333333,1.683333333
,15:40:34,0,NaN
,15:40:35,0,NaN
,15:40:36,0,NaN
,15:40:37,0,NaN
96,15:40:38,1.6,1.6
,15:40:39,0,NaN
,15:40:40,0,NaN
,15:40:41,0,NaN
,15:40:42,0,NaN
89,15:40:43,1.483333333,1.483333333
,15:40:44,0,NaN
,15:40:45,0,NaN
,15:40:46,0,NaN
,15:40:47,0,NaN
86,15:40:48,1.433333333,1.433333333
,15:40:49,0,NaN
,15:40:50,0,NaN
,15:40:51,0,NaN
,15:40:52,0,NaN
79,15:40:53,1.316666667,1.316666667
,15:40:54,0,NaN
,15:40:55,0,NaN
,15:40:56,0,NaN
,15:40:57,0,NaN
79,15:40:58,1.316666667,1.316666667
,15:40:59,0,NaN
,15:41:00,0,NaN
,15:41:01,0,NaN
,15:41:02,0,NaN
82,15:41:03,1.366666667,1.366666667
,15:41:04,0,NaN
,15:41:05,0,NaN
,15:41:06,0,NaN
,15:41:07,0,NaN
84,15:41:08,1.4,1.4
,15:41:09,0,NaN
,15:41:10,0,NaN
,15:41:11,0,NaN
,15:41:12,0,NaN
87,15:41:13,1.45,1.45
,15:41:14,0,NaN
,15:41:15,0,NaN
,15:41:16,0,NaN
,15:41:17,0,NaN
88,15:41:18,1.466666667,1.466666667
,15:41:19,0,NaN
,15:41:20,0,NaN
,15:41:21,0,NaN
,15:41:22,0,NaN
,15:41:23,0,NaN
,15:41:24,0,NaN
,15:41:25,0,NaN
,15:41:26,0,NaN
,15:41:27,0,NaN
,15:41:28,0,NaN
,15:41:29,0,NaN
,15:41:30,0,NaN
,15:41:31,0,NaN
,15:41:32,0,NaN
88,15:41:33,1.466666667,1.466666667
,15:41:34,0,NaN
,15:41:35,0,NaN
,15:41:36,0,NaN
,15:41:37,0,NaN
89,15:41:38,1.483333333,1.483333333
,15:41:39,0,NaN
,15:41:40,0,NaN
,15:41:41,0,NaN
,15:41:42,0,NaN
97,15:41:43,1.616666667,1.616666667
,15:41:44,0,NaN
,15:41:45,0,NaN
,15:41:46,0,NaN
,15:41:47,0,NaN
106,15:41:48,1.766666667,1.766666667
,15:41:49,0,NaN
,15:41:50,0,NaN
,15:41:51,0,NaN
,15:41:52,0,NaN
105,15:41:53,1.75,1.75
,15:41:54,0,NaN
,15:41:55,0,NaN
,15:41:56,0,NaN
,15:41:57,0,NaN
105,15:41:58,1.75,1.75
,15:41:59,0,NaN
,15:42:00,0,NaN
,15:42:01,0,NaN
,15:42:02,0,NaN
,15:42:03,0,NaN
,15:42:04,0,NaN
,15:42:05,0,NaN
,15:42:06,0,NaN
,15:42:07,0,NaN
107,15:42:08,1.783333333,1.783333333
,15:42:09,0,NaN
,15:42:10,0,NaN
,15:42:11,0,NaN
,15:42:12,0,NaN
109,15:42:13,1.816666667,1.816666667
,15:42:14,0,NaN
,15:42:15,0,NaN
,15:42:16,0,NaN
,15:42:17,0,NaN
111,15:42:18,1.85,1.85
,15:42:19,0,NaN
,15:42:20,0,NaN
,15:42:21,0,NaN
,15:42:22,0,NaN
111,15:42:23,1.85,1.85
,15:42:24,0,NaN
,15:42:25,0,NaN
,15:42:26,0,NaN
,15:42:27,0,NaN
105,15:42:28,1.75,1.75
,15:42:29,0,NaN
,15:42:30,0,NaN
,15:42:31,0,NaN
,15:42:32,0,NaN
102,15:42:33,1.7,1.7
,15:42:34,0,NaN
,15:42:35,0,NaN
,15:42:36,0,NaN
,15:42:37,0,NaN
103,15:42:38,1.716666667,1.716666667
,15:42:39,0,NaN
,15:42:40,0,NaN
,15:42:41,0,NaN
,15:42:42,0,NaN
101,15:42:43,1.683333333,1.683333333
,15:42:44,0,NaN
,15:42:45,0,NaN
,15:42:46,0,NaN
,15:42:47,0,NaN
99,15:42:48,1.65,1.65
,15:42:49,0,NaN
,15:42:50,0,NaN
,15:42:51,0,NaN
,15:42:52,0,NaN
101,15:42:53,1.683333333,1.683333333
,15:42:54,0,NaN
,15:42:55,0,NaN
,15:42:56,0,NaN
,15:42:57,0,NaN
105,15:42:58,1.75,1.75
,15:42:59,0,NaN
,15:43:00,0,NaN
,15:43:01,0,NaN
,15:43:02,0,NaN
106,15:43:03,1.766666667,1.766666667
,15:43:04,0,NaN
,15:43:05,0,NaN
,15:43:06,0,NaN
,15:43:07,0,NaN
107,15:43:08,1.783333333,1.783333333
,15:43:09,0,NaN
,15:43:10,0,NaN
,15:43:11,0,NaN
,15:43:12,0,NaN
105,15:43:13,1.75,1.75
,15:43:14,0,NaN
,15:43:15,0,NaN
,15:43:16,0,NaN
,15:43:17,0,NaN
103,15:43:18,1.716666667,1.716666667
,15:43:19,0,NaN
,15:43:20,0,NaN
,15:43:21,0,NaN
,15:43:22,0,NaN
,15:43:23,0,NaN
,15:43:24,0,NaN
,15:43:25,0,NaN
,15:43:26,0,NaN
,15:43:27,0,NaN
,15:43:28,0,NaN
,15:43:29,0,NaN
,15:43:30,0,NaN
,15:43:31,0,NaN
,15:43:32,0,NaN
105,15:43:33,1.75,1.75
,15:43:34,0,NaN
,15:43:35,0,NaN
,15:43:36,0,NaN
,15:43:37,0,NaN
106,15:43:38,1.766666667,1.766666667
,15:43:39,0,NaN
,15:43:40,0,NaN
,15:43:41,0,NaN
,15:43:42,0,NaN
107,15:43:43,1.783333333,1.783333333
,15:43:44,0,NaN
,15:43:45,0,NaN
,15:43:46,0,NaN
,15:43:47,0,NaN
107,15:43:48,1.783333333,1.783333333
,15:43:49,0,NaN
,15:43:50,0,NaN
,15:43:51,0,NaN
,15:43:52,0,NaN
110,15:43:53,1.833333333,1.833333333
,15:43:54,0,NaN
,15:43:55,0,NaN
,15:43:56,0,NaN
,15:43:57,0,NaN
111,15:43:58,1.85,1.85
,15:43:59,0,NaN
,15:44:00,0,NaN
,15:44:01,0,NaN
,15:44:02,0,NaN
,15:44:03,0,NaN
,15:44:04,0,NaN
,15:44:05,0,NaN
,15:44:06,0,NaN
,15:44:07,0,NaN
113,15:44:08,1.883333333,1.883333333
,15:44:09,0,NaN
,15:44:10,0,NaN
,15:44:11,0,NaN
,15:44:12,0,NaN
,15:44:13,0,NaN
,15:44:14,0,NaN
,15:44:15,0,NaN
,15:44:16,0,NaN
,15:44:17,0,NaN
114,15:44:18,1.9,1.9
,15:44:19,0,NaN
,15:44:20,0,NaN
,15:44:21,0,NaN
,15:44:22,0,NaN
116,15:44:23,1.933333333,1.933333333
,15:44:24,0,NaN
,15:44:25,0,NaN
,15:44:26,0,NaN
,15:44:27,0,NaN
120,15:44:28,2,2
,15:44:29,0,NaN
,15:44:30,0,NaN
,15:44:31,0,NaN
,15:44:32,0,NaN
123,15:44:33,2.05,2.05
,15:44:34,0,NaN
,15:44:35,0,NaN
,15:44:36,0,NaN
,15:44:37,0,NaN
120,15:44:38,2,2
,15:44:39,0,NaN
,15:44:40,0,NaN
,15:44:41,0,NaN
,15:44:42,0,NaN
115,15:44:43,1.916666667,1.916666667
,15:44:44,0,NaN
,15:44:45,0,NaN
,15:44:46,0,NaN
,15:44:47,0,NaN
114,15:44:48,1.9,1.9
,15:44:49,0,NaN
,15:44:50,0,NaN
,15:44:51,0,NaN
,15:44:52,0,NaN
,15:44:53,0,NaN
,15:44:54,0,NaN
,15:44:55,0,NaN
,15:44:56,0,NaN
,15:44:57,0,NaN
112,15:44:58,1.866666667,1.866666667
,15:44:59,0,NaN
,15:45:00,0,NaN
,15:45:01,0,NaN
,15:45:02,0,NaN
111,15:45:03,1.85,1.85
,15:45:04,0,NaN
,15:45:05,0,NaN
,15:45:06,0,NaN
,15:45:07,0,NaN
,15:45:08,0,NaN
,15:45:09,0,NaN
,15:45:10,0,NaN
,15:45:11,0,NaN
,15:45:12,0,NaN
,15:45:13,0,NaN
,15:45:14,0,NaN
,15:45:15,0,NaN
,15:45:16,0,NaN
,15:45:17,0,NaN
109,15:45:18,1.816666667,1.816666667
,15:45:19,0,NaN
,15:45:20,0,NaN
,15:45:21,0,NaN
,15:45:22,0,NaN
107,15:45:23,1.783333333,1.783333333
,15:45:24,0,NaN
,15:45:25,0,NaN
,15:45:26,0,NaN
,15:45:27,0,NaN
104,15:45:28,1.733333333,1.733333333
,15:45:29,0,NaN
,15:45:30,0,NaN
,15:45:31,0,NaN
,15:45:32,0,NaN
105,15:45:33,1.75,1.75
,15:45:34,0,NaN
,15:45:35,0,NaN
,15:45:36,0,NaN
,15:45:37,0,NaN
,15:45:38,0,NaN
,15:45:39,0,NaN
,15:45:40,0,NaN
,15:45:41,0,NaN
,15:45:42,0,NaN
,15:45:43,0,NaN
,15:45:44,0,NaN
,15:45:45,0,NaN
,15:45:46,0,NaN
,15:45:47,0,NaN
106,15:45:48,1.766666667,1.766666667
,15:45:49,0,NaN
,15:45:50,0,NaN
,15:45:51,0,NaN
,15:45:52,0,NaN
102,15:45:53,1.7,1.7
,15:45:54,0,NaN
,15:45:55,0,NaN
,15:45:56,0,NaN
,15:45:57,0,NaN
96,15:45:58,1.6,1.6
,15:45:59,0,NaN
,15:46:00,0,NaN
,15:46:01,0,NaN
,15:46:02,0,NaN
90,15:46:03,1.5,1.5
,15:46:04,0,NaN
,15:46:05,0,NaN
,15:46:06,0,NaN
,15:46:07,0,NaN
91,15:46:08,1.516666667,1.516666667
,15:46:09,0,NaN
,15:46:10,0,NaN
,15:46:11,0,NaN
,15:46:12,0,NaN
,15:46:13,0,NaN
,15:46:14,0,NaN
,15:46:15,0,NaN
,15:46:16,0,NaN
,15:46:17,0,NaN
91,15:46:18,1.516666667,1.516666667
,15:46:19,0,NaN
,15:46:20,0,NaN
,15:46:21,0,NaN
,15:46:22,0,NaN
,15:46:23,0,NaN
,15:46:24,0,NaN
,15:46:25,0,NaN
,15:46:26,0,NaN
,15:46:27,0,NaN
86,15:46:28,1.433333333,1.433333333
,15:46:29,0,NaN
,15:46:30,0,NaN
,15:46:31,0,NaN
,15:46:32,0,NaN
84,15:46:33,1.4,1.4
,15:46:34,0,NaN
,15:46:35,0,NaN
,15:46:36,0,NaN
,15:46:37,0,NaN
,15:46:38,0,NaN
,15:46:39,0,NaN
,15:46:40,0,NaN
,15:46:41,0,NaN
,15:46:42,0,NaN
87,15:46:43,1.45,1.45
,15:46:44,0,NaN
,15:46:45,0,NaN
,15:46:46,0,NaN
,15:46:47,0,NaN
89,15:46:48,1.483333333,1.483333333
,15:46:49,0,NaN
,15:46:50,0,NaN
,15:46:51,0,NaN
,15:46:52,0,NaN
93,15:46:53,1.55,1.55
,15:46:54,0,NaN
,15:46:55,0,NaN
,15:46:56,0,NaN
,15:46:57,0,NaN
95,15:46:58,1.583333333,1.583333333
,15:46:59,0,NaN
,15:47:00,0,NaN
,15:47:01,0,NaN
,15:47:02,0,NaN
96,15:47:03,1.6,1.6
,15:47:04,0,NaN
,15:47:05,0,NaN
,15:47:06,0,NaN
,15:47:07,0,NaN
99,15:47:08,1.65,1.65
,15:47:09,0,NaN
,15:47:10,0,NaN
,15:47:11,0,NaN
,15:47:12,0,NaN
101,15:47:13,1.683333333,1.683333333
,15:47:14,0,NaN
,15:47:15,0,NaN
,15:47:16,0,NaN
,15:47:17,0,NaN
102,15:47:18,1.7,1.7
,15:47:19,0,NaN
,15:47:20,0,NaN
,15:47:21,0,NaN
,15:47:22,0,NaN
98,15:47:23,1.633333333,1.633333333
,15:47:24,0,NaN
,15:47:25,0,NaN
,15:47:26,0,NaN
,15:47:27,0,NaN
92,15:47:28,1.533333333,1.533333333
,15:47:29,0,NaN
,15:47:30,0,NaN
,15:47:31,0,NaN
,15:47:32,0,NaN
89,15:47:33,1.483333333,1.483333333
,15:47:34,0,NaN
,15:47:35,0,NaN
,15:47:36,0,NaN
,15:47:37,0,NaN
88,15:47:38,1.466666667,1.466666667
,15:47:39,0,NaN
,15:47:40,0,NaN
,15:47:41,0,NaN
,15:47:42,0,NaN
,15:47:43,0,NaN
,15:47:44,0,NaN
,15:47:45,0,NaN
,15:47:46,0,NaN
,15:47:47,0,NaN
86,15:47:48,1.433333333,1.433333333
,15:47:49,0,NaN
,15:47:50,0,NaN
,15:47:51,0,NaN
,15:47:52,0,NaN
88,15:47:53,1.466666667,1.466666667
,15:47:54,0,NaN
,15:47:55,0,NaN
,15:47:56,0,NaN
,15:47:57,0,NaN
88,15:47:58,1.466666667,1.466666667
,15:47:59,0,NaN
,15:48:00,0,NaN
,15:48:01,0,NaN
,15:48:02,0,NaN
91,15:48:03,1.516666667,1.516666667
,15:48:04,0,NaN
,15:48:05,0,NaN
,15:48:06,0,NaN
,15:48:07,0,NaN
90,15:48:08,1.5,1.5
,15:48:09,0,NaN
,15:48:10,0,NaN
,15:48:11,0,NaN
,15:48:12,0,NaN
,15:48:13,0,NaN
,15:48:14,0,NaN
,15:48:15,0,NaN
,15:48:16,0,NaN
,15:48:17,0,NaN
91,15:48:18,1.516666667,1.516666667
,15:48:19,0,NaN
,15:48:20,0,NaN
,15:48:21,0,NaN
,15:48:22,0,NaN
92,15:48:23,1.533333333,1.533333333
,15:48:24,0,NaN
,15:48:25,0,NaN
,15:48:26,0,NaN
,15:48:27,0,NaN
93,15:48:28,1.55,1.55
,15:48:29,0,NaN
,15:48:30,0,NaN
,15:48:31,0,NaN
,15:48:32,0,NaN
95,15:48:33,1.583333333,1.583333333
,15:48:34,0,NaN
,15:48:35,0,NaN
,15:48:36,0,NaN
,15:48:37,0,NaN
96,15:48:38,1.6,1.6
,15:48:39,0,NaN
,15:48:40,0,NaN
,15:48:41,0,NaN
,15:48:42,0,NaN
,15:48:43,0,NaN
,15:48:44,0,NaN
,15:48:45,0,NaN
,15:48:46,0,NaN
,15:48:47,0,NaN
95,15:48:48,1.583333333,1.583333333
,15:48:49,0,NaN
,15:48:50,0,NaN
,15:48:51,0,NaN
,15:48:52,0,NaN
,15:48:53,0,NaN
,15:48:54,0,NaN
,15:48:55,0,NaN
,15:48:56,0,NaN
,15:48:57,0,NaN
93,15:48:58,1.55,1.55
,15:48:59,0,NaN
,15:49:00,0,NaN
,15:49:01,0,NaN
,15:49:02,0,NaN
,15:49:03,0,NaN
,15:49:04,0,NaN
,15:49:05,0,NaN
,15:49:06,0,NaN
,15:49:07,0,NaN
94,15:49:08,1.566666667,1.566666667
,15:49:09,0,NaN
,15:49:10,0,NaN
,15:49:11,0,NaN
,15:49:12,0,NaN
95,15:49:13,1.583333333,1.583333333
,15:49:14,0,NaN
,15:49:15,0,NaN
,15:49:16,0,NaN
,15:49:17,0,NaN
97,15:49:18,1.616666667,1.616666667
,15:49:19,0,NaN
,15:49:20,0,NaN
,15:49:21,0,NaN
,15:49:22,0,NaN
98,15:49:23,1.633333333,1.633333333
,15:49:24,0,NaN
,15:49:25,0,NaN
,15:49:26,0,NaN
,15:49:27,0,NaN
,15:49:28,0,NaN
,15:49:29,0,NaN
,15:49:30,0,NaN
,15:49:31,0,NaN
,15:49:32,0,NaN
,15:49:33,0,NaN
,15:49:34,0,NaN
,15:49:35,0,NaN
,15:49:36,0,NaN
,15:49:37,0,NaN
97,15:49:38,1.616666667,1.616666667
,15:49:39,0,NaN
,15:49:40,0,NaN
,15:49:41,0,NaN
,15:49:42,0,NaN
93,15:49:43,1.55,1.55
,15:49:44,0,NaN
,15:49:45,0,NaN
,15:49:46,0,NaN
,15:49:47,0,NaN
85,15:49:48,1.416666667,1.416666667
,15:49:49,0,NaN
,15:49:50,0,NaN
,15:49:51,0,NaN
,15:49:52,0,NaN
85,15:49:53,1.416666667,1.416666667
,15:49:54,0,NaN
,15:49:55,0,NaN
,15:49:56,0,NaN
,15:49:57,0,NaN
86,15:49:58,1.433333333,1.433333333
,15:49:59,0,NaN
,15:50:00,0,NaN
,15:50:01,0,NaN
,15:50:02,0,NaN
,15:50:03,0,NaN
,15:50:04,0,NaN
,15:50:05,0,NaN
,15:50:06,0,NaN
,15:50:07,0,NaN
87,15:50:08,1.45,1.45
,15:50:09,0,NaN
,15:50:10,0,NaN
,15:50:11,0,NaN
,15:50:12,0,NaN
,15:50:13,0,NaN
,15:50:14,0,NaN
,15:50:15,0,NaN
,15:50:16,0,NaN
,15:50:17,0,NaN
88,15:50:18,1.466666667,1.466666667
,15:50:19,0,NaN
,15:50:20,0,NaN
,15:50:21,0,NaN
,15:50:22,0,NaN
89,15:50:23,1.483333333,1.483333333
,15:50:24,0,NaN
,15:50:25,0,NaN
,15:50:26,0,NaN
,15:50:27,0,NaN
91,15:50:28,1.516666667,1.516666667
,15:50:29,0,NaN
,15:50:30,0,NaN
,15:50:31,0,NaN
,15:50:32,0,NaN
92,15:50:33,1.533333333,1.533333333
,15:50:34,0,NaN
,15:50:35,0,NaN
,15:50:36,0,NaN
,15:50:37,0,NaN
93,15:50:38,1.55,1.55
,15:50:39,0,NaN
,15:50:40,0,NaN
,15:50:41,0,NaN
,15:50:42,0,NaN
,15:50:43,0,NaN
,15:50:44,0,NaN
,15:50:45,0,NaN
,15:50:46,0,NaN
,15:50:47,0,NaN
,15:50:48,0,NaN
,15:50:49,0,NaN
,15:50:50,0,NaN
,15:50:51,0,NaN
,15:50:52,0,NaN
93,15:50:53,1.55,1.55
,15:50:54,0,NaN
,15:50:55,0,NaN
,15:50:56,0,NaN
,15:50:57,0,NaN
,15:50:58,0,NaN
,15:50:59,0,NaN
,15:51:00,0,NaN
,15:51:01,0,NaN
,15:51:02,0,NaN
,15:51:03,0,NaN
,15:51:04,0,NaN
,15:51:05,0,NaN
,15:51:06,0,NaN
,15:51:07,0,NaN
95,15:51:08,1.583333333,1.583333333
,15:51:09,0,NaN
,15:51:10,0,NaN
,15:51:11,0,NaN
,15:51:12,0,NaN
91,15:51:13,1.516666667,1.516666667
,15:51:14,0,NaN
,15:51:15,0,NaN
,15:51:16,0,NaN
,15:51:17,0,NaN
90,15:51:18,1.5,1.5
,15:51:19,0,NaN
,15:51:20,0,NaN
,15:51:21,0,NaN
,15:51:22,0,NaN
88,15:51:23,1.466666667,1.466666667
,15:51:24,0,NaN
,15:51:25,0,NaN
,15:51:26,0,NaN
,15:51:27,0,NaN
87,15:51:28,1.45,1.45
,15:51:29,0,NaN
,15:51:30,0,NaN
,15:51:31,0,NaN
,15:51:32,0,NaN
,15:51:33,0,NaN
,15:51:34,0,NaN
,15:51:35,0,NaN
,15:51:36,0,NaN
,15:51:37,0,NaN
88,15:51:38,1.466666667,1.466666667
,15:51:39,0,NaN
,15:51:40,0,NaN
,15:51:41,0,NaN
,15:51:42,0,NaN
,15:51:43,0,NaN
,15:51:44,0,NaN
,15:51:45,0,NaN
,15:51:46,0,NaN
,15:51:47,0,NaN
92,15:51:48,1.533333333,1.533333333
,15:51:49,0,NaN
,15:51:50,0,NaN
,15:51:51,0,NaN
,15:51:52,0,NaN
90,15:51:53,1.5,1.5
,15:51:54,0,NaN
,15:51:55,0,NaN
,15:51:56,0,NaN
,15:51:57,0,NaN
,15:51:58,0,NaN
,15:51:59,0,NaN
,15:52:00,0,NaN
,15:52:01,0,NaN
,15:52:02,0,NaN
,15:52:03,0,NaN
,15:52:04,0,NaN
,15:52:05,0,NaN
,15:52:06,0,NaN
,15:52:07,0,NaN
89,15:52:08,1.483333333,1.483333333
,15:52:09,0,NaN
,15:52:10,0,NaN
,15:52:11,0,NaN
,15:52:12,0,NaN
,15:52:13,0,NaN
,15:52:14,0,NaN
,15:52:15,0,NaN
,15:52:16,0,NaN
,15:52:17,0,NaN
90,15:52:18,1.5,1.5
,15:52:19,0,NaN
,15:52:20,0,NaN
,15:52:21,0,NaN
,15:52:22,0,NaN
91,15:52:23,1.516666667,1.516666667
,15:52:24,0,NaN
,15:52:25,0,NaN
,15:52:26,0,NaN
,15:52:27,0,NaN
92,15:52:28,1.533333333,1.533333333
,15:52:29,0,NaN
,15:52:30,0,NaN
,15:52:31,0,NaN
,15:52:32,0,NaN
,15:52:33,0,NaN
,15:52:34,0,NaN
,15:52:35,0,NaN
,15:52:36,0,NaN
,15:52:37,0,NaN
94,15:52:38,1.566666667,1.566666667
,15:52:39,0,NaN
,15:52:40,0,NaN
,15:52:41,0,NaN
,15:52:42,0,NaN
93,15:52:43,1.55,1.55
,15:52:44,0,NaN
,15:52:45,0,NaN
,15:52:46,0,NaN
,15:52:47,0,NaN
,15:52:48,0,NaN
,15:52:49,0,NaN
,15:52:50,0,NaN
,15:52:51,0,NaN
,15:52:52,0,NaN
,15:52:53,0,NaN
,15:52:54,0,NaN
,15:52:55,0,NaN
,15:52:56,0,NaN
,15:52:57,0,NaN
93,15:52:58,1.55,1.55
,15:52:59,0,NaN
,15:53:00,0,NaN
,15:53:01,0,NaN
,15:53:02,0,NaN
94,15:53:03,1.566666667,1.566666667
,15:53:04,0,NaN
,15:53:05,0,NaN
,15:53:06,0,NaN
,15:53:07,0,NaN
95,15:53:08,1.583333333,1.583333333
,15:53:09,0,NaN
,15:53:10,0,NaN
,15:53:11,0,NaN
,15:53:12,0,NaN
96,15:53:13,1.6,1.6
,15:53:14,0,NaN
,15:53:15,0,NaN
,15:53:16,0,NaN
,15:53:17,0,NaN
99,15:53:18,1.65,1.65
,15:53:19,0,NaN
,15:53:20,0,NaN
,15:53:21,0,NaN
,15:53:22,0,NaN
98,15:53:23,1.633333333,1.633333333
,15:53:24,0,NaN
,15:53:25,0,NaN
,15:53:26,0,NaN
,15:53:27,0,NaN
97,15:53:28,1.616666667,1.616666667
,15:53:29,0,NaN
,15:53:30,0,NaN
,15:53:31,0,NaN
,15:53:32,0,NaN
,15:53:33,0,NaN
,15:53:34,0,NaN
,15:53:35,0,NaN
,15:53:36,0,NaN
,15:53:37,0,NaN
98,15:53:38,1.633333333,1.633333333
,15:53:39,0,NaN
,15:53:40,0,NaN
,15:53:41,0,NaN
,15:53:42,0,NaN
99,15:53:43,1.65,1.65
,15:53:44,0,NaN
,15:53:45,0,NaN
,15:53:46,0,NaN
,15:53:47,0,NaN
,15:53:48,0,NaN
,15:53:49,0,NaN
,15:53:50,0,NaN
,15:53:51,0,NaN
,15:53:52,0,NaN
100,15:53:53,1.666666667,1.666666667
,15:53:54,0,NaN
,15:53:55,0,NaN
,15:53:56,0,NaN
,15:53:57,0,NaN
,15:53:58,0,NaN
,15:53:59,0,NaN
,15:54:00,0,NaN
,15:54:01,0,NaN
,15:54:02,0,NaN
,15:54:03,0,NaN
,15:54:04,0,NaN
,15:54:05,0,NaN
,15:54:06,0,NaN
,15:54:07,0,NaN
100,15:54:08,1.666666667,1.666666667
,15:54:09,0,NaN
,15:54:10,0,NaN
,15:54:11,0,NaN
,15:54:12,0,NaN
104,15:54:13,1.733333333,1.733333333
,15:54:14,0,NaN
,15:54:15,0,NaN
,15:54:16,0,NaN
,15:54:17,0,NaN
105,15:54:18,1.75,1.75
,15:54:19,0,NaN
,15:54:20,0,NaN
,15:54:21,0,NaN
,15:54:22,0,NaN
,15:54:23,0,NaN
104,15:54:24,1.733333333,1.733333333
,15:54:25,0,NaN
,15:54:26,0,NaN
,15:54:27,0,NaN
,15:54:28,0,NaN
,15:54:29,0,NaN
,15:54:30,0,NaN
,15:54:31,0,NaN
,15:54:32,0,NaN
,15:54:33,0,NaN
,15:54:34,0,NaN
,15:54:35,0,NaN
,15:54:36,0,NaN
,15:54:37,0,NaN
,15:54:38,0,NaN
105,15:54:39,1.75,1.75
,15:54:40,0,NaN
,15:54:41,0,NaN
,15:54:42,0,NaN
,15:54:43,0,NaN
,15:54:44,0,NaN
,15:54:45,0,NaN
,15:54:46,0,NaN
,15:54:47,0,NaN
,15:54:48,0,NaN
104,15:54:49,1.733333333,1.733333333
,15:54:50,0,NaN
,15:54:51,0,NaN
,15:54:52,0,NaN
,15:54:53,0,NaN
101,15:54:54,1.683333333,1.683333333
,15:54:55,0,NaN
,15:54:56,0,NaN
,15:54:57,0,NaN
,15:54:58,0,NaN
100,15:54:59,1.666666667,1.666666667
,15:55:00,0,NaN
,15:55:01,0,NaN
,15:55:02,0,NaN
,15:55:03,0,NaN
101,15:55:04,1.683333333,1.683333333
,15:55:05,0,NaN
,15:55:06,0,NaN
,15:55:07,0,NaN
,15:55:08,0,NaN
,15:55:09,0,NaN
,15:55:10,0,NaN
,15:55:11,0,NaN
,15:55:12,0,NaN
,15:55:13,0,NaN
96,15:55:14,1.6,1.6
,15:55:15,0,NaN
,15:55:16,0,NaN
,15:55:17,0,NaN
,15:55:18,0,NaN
92,15:55:19,1.533333333,1.533333333
,15:55:20,0,NaN
,15:55:21,0,NaN
,15:55:22,0,NaN
,15:55:23,0,NaN
86,15:55:24,1.433333333,1.433333333
,15:55:25,0,NaN
,15:55:26,0,NaN
,15:55:27,0,NaN
,15:55:28,0,NaN
,15:55:29,0,NaN
,15:55:30,0,NaN
,15:55:31,0,NaN
,15:55:32,0,NaN
,15:55:33,0,NaN
,15:55:34,0,NaN
,15:55:35,0,NaN
,15:55:36,0,NaN
,15:55:37,0,NaN
,15:55:38,0,NaN
86,15:55:39,1.433333333,1.433333333
,15:55:40,0,NaN
,15:55:41,0,NaN
,15:55:42,0,NaN
,15:55:43,0,NaN
87,15:55:44,1.45,1.45
,15:55:45,0,NaN
,15:55:46,0,NaN
,15:55:47,0,NaN
,15:55:48,0,NaN
,15:55:49,0,NaN
,15:55:50,0,NaN
,15:55:51,0,NaN
,15:55:52,0,NaN
,15:55:53,0,NaN
87,15:55:54,1.45,1.45
,15:55:55,0,NaN
,15:55:56,0,NaN
,15:55:57,0,NaN
,15:55:58,0,NaN
,15:55:59,0,NaN
,15:56:00,0,NaN
,15:56:01,0,NaN
,15:56:02,0,NaN
,15:56:03,0,NaN
,15:56:04,0,NaN
,15:56:05,0,NaN
,15:56:06,0,NaN
,15:56:07,0,NaN
,15:56:08,0,NaN
87,15:56:09,1.45,1.45
,15:56:10,0,NaN
,15:56:11,0,NaN
,15:56:12,0,NaN
,15:56:13,0,NaN
89,15:56:14,1.483333333,1.483333333
,15:56:15,0,NaN
,15:56:16,0,NaN
,15:56:17,0,NaN
,15:56:18,0,NaN
91,15:56:19,1.516666667,1.516666667
,15:56:20,0,NaN
,15:56:21,0,NaN
,15:56:22,0,NaN
,15:56:23,0,NaN
89,15:56:24,1.483333333,1.483333333
,15:56:25,0,NaN
,15:56:26,0,NaN
,15:56:27,0,NaN
,15:56:28,0,NaN
85,15:56:29,1.416666667,1.416666667
,15:56:30,0,NaN
,15:56:31,0,NaN
,15:56:32,0,NaN
,15:56:33,0,NaN
84,15:56:34,1.4,1.4
,15:56:35,0,NaN
,15:56:36,0,NaN
,15:56:37,0,NaN
,15:56:38,0,NaN
82,15:56:39,1.366666667,1.366666667
,15:56:40,0,NaN
,15:56:41,0,NaN
,15:56:42,0,NaN
,15:56:43,0,NaN
,15:56:44,0,NaN
,15:56:45,0,NaN
,15:56:46,0,NaN
,15:56:47,0,NaN
,15:56:48,0,NaN
83,15:56:49,1.383333333,1.383333333
,15:56:50,0,NaN
,15:56:51,0,NaN
,15:56:52,0,NaN
,15:56:53,0,NaN
,15:56:54,0,NaN
,15:56:55,0,NaN
,15:56:56,0,NaN
,15:56:57,0,NaN
,15:56:58,0,NaN
,15:56:59,0,NaN
,15:57:00,0,NaN
,15:57:01,0,NaN
,15:57:02,0,NaN
,15:57:03,0,NaN
83,15:57:04,1.383333333,1.383333333
,15:57:05,0,NaN
,15:57:06,0,NaN
,15:57:07,0,NaN
,15:57:08,0,NaN
,15:57:09,0,NaN
,15:57:10,0,NaN
,15:57:11,0,NaN
,15:57:12,0,NaN
,15:57:13,0,NaN
86,15:57:14,1.433333333,1.433333333
,15:57:15,0,NaN
,15:57:16,0,NaN
,15:57:17,0,NaN
,15:57:18,0,NaN
87,15:57:19,1.45,1.45
,15:57:20,0,NaN
,15:57:21,0,NaN
,15:57:22,0,NaN
,15:57:23,0,NaN
,15:57:24,0,NaN
,15:57:25,0,NaN
,15:57:26,0,NaN
,15:57:27,0,NaN
,15:57:28,0,NaN
,15:57:29,0,NaN
,15:57:30,0,NaN
,15:57:31,0,NaN
,15:57:32,0,NaN
,15:57:33,0,NaN
87,15:57:34,1.45,1.45
,15:57:35,0,NaN
,15:57:36,0,NaN
,15:57:37,0,NaN
,15:57:38,0,NaN
,15:57:39,0,NaN
,15:57:40,0,NaN
,15:57:41,0,NaN
,15:57:42,0,NaN
,15:57:43,0,NaN
,15:57:44,0,NaN
,15:57:45,0,NaN
,15:57:46,0,NaN
,15:57:47,0,NaN
,15:57:48,0,NaN
86,15:57:49,1.433333333,1.433333333
,15:57:50,0,NaN
,15:57:51,0,NaN
,15:57:52,0,NaN
85,15:57:53,1.416666667,1.416666667
,15:57:54,0,NaN
,15:57:55,0,NaN
,15:57:56,0,NaN
,15:57:57,0,NaN
,15:57:58,0,NaN
,15:57:59,0,NaN
,15:58:00,0,NaN
,15:58:01,0,NaN
,15:58:02,0,NaN
84,15:58:03,1.4,1.4
,15:58:04,0,NaN
,15:58:05,0,NaN
,15:58:06,0,NaN
,15:58:07,0,NaN
,15:58:08,0,NaN
,15:58:09,0,NaN
,15:58:10,0,NaN
,15:58:11,0,NaN
,15:58:12,0,NaN
83,15:58:13,1.383333333,1.383333333
,15:58:14,0,NaN
,15:58:15,0,NaN
,15:58:16,0,NaN
,15:58:17,0,NaN
,15:58:18,0,NaN
,15:58:19,0,NaN
,15:58:20,0,NaN
,15:58:21,0,NaN
,15:58:22,0,NaN
85,15:58:23,1.416666667,1.416666667
,15:58:24,0,NaN
,15:58:25,0,NaN
,15:58:26,0,NaN
,15:58:27,0,NaN
86,15:58:28,1.433333333,1.433333333
,15:58:29,0,NaN
,15:58:30,0,NaN
,15:58:31,0,NaN
,15:58:32,0,NaN
87,15:58:33,1.45,1.45
,15:58:34,0,NaN
,15:58:35,0,NaN
,15:58:36,0,NaN
,15:58:37,0,NaN
,15:58:38,0,NaN
,15:58:39,0,NaN
,15:58:40,0,NaN
,15:58:41,0,NaN
,15:58:42,0,NaN
,15:58:43,0,NaN
,15:58:44,0,NaN
,15:58:45,0,NaN
,15:58:46,0,NaN
,15:58:47,0,NaN
,15:58:48,0,NaN
,15:58:49,0,NaN
,15:58:50,0,NaN
,15:58:51,0,NaN
87,15:58:52,1.45,1.45
,15:58:53,0,NaN
,16:08:49,0,NaN
,16:08:50,0,NaN
,16:08:51,0,NaN
70,16:08:52,1.166666667,1.166666667
,16:08:53,0,NaN
,16:08:54,0,NaN
,16:08:55,0,NaN
,16:08:56,0,NaN
,16:08:57,0,NaN
,16:08:58,0,NaN
,16:08:59,0,NaN
,16:09:00,0,NaN
,16:09:01,0,NaN
,16:09:02,0,NaN
,16:09:03,0,NaN
,16:09:04,0,NaN
,16:09:05,0,NaN
,16:09:06,0,NaN
74,16:09:07,1.233333333,1.233333333
,16:09:08,0,NaN
,16:09:09,0,NaN
,16:09:10,0,NaN
,16:09:11,0,NaN
83,16:09:12,1.383333333,1.383333333
,16:09:13,0,NaN
,16:09:14,0,NaN
,16:09:15,0,NaN
,16:09:16,0,NaN
81,16:09:17,1.35,1.35
,16:09:18,0,NaN
,16:09:19,0,NaN
,16:09:20,0,NaN
,16:09:21,0,NaN
78,16:09:22,1.3,1.3
,16:09:23,0,NaN
,16:09:24,0,NaN
,16:09:25,0,NaN
,16:09:26,0,NaN
79,16:09:27,1.316666667,1.316666667
,16:09:28,0,NaN
,16:09:29,0,NaN
,16:09:30,0,NaN
,16:09:31,0,NaN
81,16:09:32,1.35,1.35
,16:09:33,0,NaN
,16:09:34,0,NaN
,16:09:35,0,NaN
,16:09:36,0,NaN
83,16:09:37,1.383333333,1.383333333
,16:09:38,0,NaN
,16:09:39,0,NaN
,16:09:40,0,NaN
,16:09:41,0,NaN
84,16:09:42,1.4,1.4
,16:09:43,0,NaN
,16:09:44,0,NaN
,16:09:45,0,NaN
,16:09:46,0,NaN
,16:09:47,0,NaN
,16:09:48,0,NaN
,16:09:49,0,NaN
,16:09:50,0,NaN
,16:09:51,0,NaN
85,16:09:52,1.416666667,1.416666667
,16:09:53,0,NaN
,16:09:54,0,NaN
,16:09:55,0,NaN
,16:09:56,0,NaN
86,16:09:57,1.433333333,1.433333333
,16:09:58,0,NaN
,16:09:59,0,NaN
,16:10:00,0,NaN
,16:10:01,0,NaN
87,16:10:02,1.45,1.45
,16:10:03,0,NaN
,16:10:04,0,NaN
,16:10:05,0,NaN
,16:10:06,0,NaN
,16:10:07,0,NaN
,16:10:08,0,NaN
,16:10:09,0,NaN
,16:10:10,0,NaN
,16:10:11,0,NaN
,16:10:12,0,NaN
,16:10:13,0,NaN
,16:10:14,0,NaN
,16:10:15,0,NaN
,16:10:16,0,NaN
87,16:10:17,1.45,1.45
,16:10:18,0,NaN
,16:10:19,0,NaN
,16:10:20,0,NaN
,16:10:21,0,NaN
,16:10:22,0,NaN
,16:10:23,0,NaN
,16:10:24,0,NaN
,16:10:25,0,NaN
,16:10:26,0,NaN
,16:10:27,0,NaN
,16:10:28,0,NaN
,16:10:29,0,NaN
,16:10:30,0,NaN
,16:10:31,0,NaN
86,16:10:32,1.433333333,1.433333333
,16:10:33,0,NaN
,16:10:34,0,NaN
,16:10:35,0,NaN
,16:10:36,0,NaN
85,16:10:37,1.416666667,1.416666667
,16:10:38,0,NaN
,16:10:39,0,NaN
,16:10:40,0,NaN
,16:10:41,0,NaN
84,16:10:42,1.4,1.4
,16:10:43,0,NaN
,16:10:44,0,NaN
,16:10:45,0,NaN
,16:10:46,0,NaN
85,16:10:47,1.416666667,1.416666667
,16:10:48,0,NaN
,16:10:49,0,NaN
,16:10:50,0,NaN
,16:10:51,0,NaN
84,16:10:52,1.4,1.4
,16:10:53,0,NaN
,16:10:54,0,NaN
,16:10:55,0,NaN
,16:10:56,0,NaN
80,16:10:57,1.333333333,1.333333333
,16:10:58,0,NaN
,16:10:59,0,NaN
,16:11:00,0,NaN
,16:11:01,0,NaN
79,16:11:02,1.316666667,1.316666667
,16:11:03,0,NaN
,16:11:04,0,NaN
,16:11:05,0,NaN
,16:11:06,0,NaN
,16:11:07,0,NaN
,16:11:08,0,NaN
,16:11:09,0,NaN
,16:11:10,0,NaN
,16:11:11,0,NaN
,16:11:12,0,NaN
,16:11:13,0,NaN
,16:11:14,0,NaN
,16:11:15,0,NaN
,16:11:16,0,NaN
80,16:11:17,1.333333333,1.333333333
,16:11:18,0,NaN
,16:11:19,0,NaN
,16:11:20,0,NaN
,16:11:21,0,NaN
79,16:11:22,1.316666667,1.316666667
,16:11:23,0,NaN
,16:11:24,0,NaN
,16:11:25,0,NaN
,16:11:26,0,NaN
78,16:11:27,1.3,1.3
,16:11:28,0,NaN
,16:11:29,0,NaN
,16:11:30,0,NaN
,16:11:31,0,NaN
77,16:11:32,1.283333333,1.283333333
,16:11:33,0,NaN
,16:11:34,0,NaN
,16:11:35,0,NaN
,16:11:36,0,NaN
,16:11:37,0,NaN
,16:11:38,0,NaN
,16:11:39,0,NaN
,16:11:40,0,NaN
,16:11:41,0,NaN
78,16:11:42,1.3,1.3
,16:11:43,0,NaN
,16:11:44,0,NaN
,16:11:45,0,NaN
,16:11:46,0,NaN
,16:11:47,0,NaN
,16:11:48,0,NaN
,16:11:49,0,NaN
,16:11:50,0,NaN
,16:11:51,0,NaN
77,16:11:52,1.283333333,1.283333333
,16:11:53,0,NaN
,16:11:54,0,NaN
,16:11:55,0,NaN
,16:11:56,0,NaN
76,16:11:57,1.266666667,1.266666667
,16:11:58,0,NaN
,16:11:59,0,NaN
,16:12:00,0,NaN
,16:12:01,0,NaN
74,16:12:02,1.233333333,1.233333333
,16:12:03,0,NaN
,16:12:04,0,NaN
,16:12:05,0,NaN
,16:12:06,0,NaN
,16:12:07,0,NaN
,16:12:08,0,NaN
,16:12:09,0,NaN
,16:12:10,0,NaN
,16:12:11,0,NaN
,16:12:12,0,NaN
,16:12:13,0,NaN
,16:12:14,0,NaN
,16:12:15,0,NaN
,16:12:16,0,NaN
75,16:12:17,1.25,1.25
,16:12:18,0,NaN
,16:12:19,0,NaN
,16:12:20,0,NaN
,16:12:21,0,NaN
,16:12:22,0,NaN
,16:12:23,0,NaN
,16:12:24,0,NaN
,16:12:25,0,NaN
,16:12:26,0,NaN
75,16:12:27,1.25,1.25
,16:12:28,0,NaN
,16:12:29,0,NaN
,16:12:30,0,NaN
,16:12:31,0,NaN
75,16:12:32,1.25,1.25
,16:12:33,0,NaN
,16:12:34,0,NaN
,16:12:35,0,NaN
,16:12:36,0,NaN
77,16:12:37,1.283333333,1.283333333
,16:12:38,0,NaN
,16:12:39,0,NaN
,16:12:40,0,NaN
,16:12:41,0,NaN
78,16:12:42,1.3,1.3
,16:12:43,0,NaN
,16:12:44,0,NaN
,16:12:45,0,NaN
,16:12:46,0,NaN
77,16:12:47,1.283333333,1.283333333
,16:12:48,0,NaN
,16:12:49,0,NaN
,16:12:50,0,NaN
,16:12:51,0,NaN
75,16:12:52,1.25,1.25
,16:12:53,0,NaN
,16:12:54,0,NaN
,16:12:55,0,NaN
,16:12:56,0,NaN
74,16:12:57,1.233333333,1.233333333
,16:12:58,0,NaN
,16:12:59,0,NaN
,16:13:00,0,NaN
,16:13:01,0,NaN
74,16:13:02,1.233333333,1.233333333
,16:13:03,0,NaN
,16:13:04,0,NaN
,16:13:05,0,NaN
,16:13:06,0,NaN
75,16:13:07,1.25,1.25
,16:13:08,0,NaN
,16:13:09,0,NaN
,16:13:10,0,NaN
,16:13:11,0,NaN
77,16:13:12,1.283333333,1.283333333
,16:13:13,0,NaN
,16:13:14,0,NaN
,16:13:15,0,NaN
,16:13:16,0,NaN
77,16:13:17,1.283333333,1.283333333
,16:13:18,0,NaN
,16:13:19,0,NaN
,16:13:20,0,NaN
,16:13:21,0,NaN
75,16:13:22,1.25,1.25
,16:13:23,0,NaN
,16:13:24,0,NaN
,16:13:25,0,NaN
,16:13:26,0,NaN
,16:13:27,0,NaN
,16:13:28,0,NaN
,16:13:29,0,NaN
,16:13:30,0,NaN
,16:13:31,0,NaN
75,16:13:32,1.25,1.25
,16:13:33,0,NaN
,16:13:34,0,NaN
,16:13:35,0,NaN
,16:13:36,0,NaN
74,16:13:37,1.233333333,1.233333333
,16:13:38,0,NaN
,16:13:39,0,NaN
,16:13:40,0,NaN
,16:13:41,0,NaN
74,16:13:42,1.233333333,1.233333333
,16:13:43,0,NaN
,16:13:44,0,NaN
,16:13:45,0,NaN
,16:13:46,0,NaN
73,16:13:47,1.216666667,1.216666667
,16:13:48,0,NaN
,16:13:49,0,NaN
,16:13:50,0,NaN
,16:13:51,0,NaN
,16:13:52,0,NaN
,16:13:53,0,NaN
,16:13:54,0,NaN
,16:13:55,0,NaN
,16:13:56,0,NaN
,16:13:57,0,NaN
,16:13:58,0,NaN
,16:13:59,0,NaN
,16:14:00,0,NaN
,16:14:01,0,NaN
73,16:14:02,1.216666667,1.216666667
,16:14:03,0,NaN
,16:14:04,0,NaN
,16:14:05,0,NaN
,16:14:06,0,NaN
74,16:14:07,1.233333333,1.233333333
,16:14:08,0,NaN
,16:14:09,0,NaN
,16:14:10,0,NaN
,16:14:11,0,NaN
75,16:14:12,1.25,1.25
,16:14:13,0,NaN
,16:14:14,0,NaN
,16:14:15,0,NaN
,16:14:16,0,NaN
76,16:14:17,1.266666667,1.266666667
,16:14:18,0,NaN
,16:14:19,0,NaN
,16:14:20,0,NaN
,16:14:21,0,NaN
,16:14:22,0,NaN
,16:14:23,0,NaN
,16:14:24,0,NaN
,16:14:25,0,NaN
,16:14:26,0,NaN
75,16:14:27,1.25,1.25
,16:14:28,0,NaN
,16:14:29,0,NaN
,16:14:30,0,NaN
,16:14:31,0,NaN
75,16:14:32,1.25,1.25
,16:14:33,0,NaN
,16:14:34,0,NaN
,16:14:35,0,NaN
,16:14:36,0,NaN
,16:14:37,0,NaN
,16:14:38,0,NaN
,16:14:39,0,NaN
,16:14:40,0,NaN
,16:14:41,0,NaN
,16:14:42,0,NaN
,16:14:43,0,NaN
,16:14:44,0,NaN
,16:14:45,0,NaN
,16:14:46,0,NaN
77,16:14:47,1.283333333,1.283333333
,16:14:48,0,NaN
,16:14:49,0,NaN
,16:14:50,0,NaN
,16:14:51,0,NaN
76,16:14:52,1.266666667,1.266666667
,16:14:53,0,NaN
,16:14:54,0,NaN
,16:14:55,0,NaN
,16:14:56,0,NaN
74,16:14:57,1.233333333,1.233333333
,16:14:58,0,NaN
,16:14:59,0,NaN
,16:15:00,0,NaN
,16:15:01,0,NaN
75,16:15:02,1.25,1.25
,16:15:03,0,NaN
,16:15:04,0,NaN
,16:15:05,0,NaN
,16:15:06,0,NaN
,16:15:07,0,NaN
,16:15:08,0,NaN
,16:15:09,0,NaN
,16:15:10,0,NaN
,16:15:11,0,NaN
76,16:15:12,1.266666667,1.266666667
,16:15:13,0,NaN
,16:15:14,0,NaN
,16:15:15,0,NaN
,16:15:16,0,NaN
,16:15:17,0,NaN
,16:15:18,0,NaN
,16:15:19,0,NaN
,16:15:20,0,NaN
,16:15:21,0,NaN
81,16:15:22,1.35,1.35
,16:15:23,0,NaN
,16:15:24,0,NaN
,16:15:25,0,NaN
,16:15:26,0,NaN
88,16:15:27,1.466666667,1.466666667
,16:15:28,0,NaN
,16:15:29,0,NaN
,16:15:30,0,NaN
,16:15:31,0,NaN
89,16:15:32,1.483333333,1.483333333
,16:15:33,0,NaN
,16:15:34,0,NaN
,16:15:35,0,NaN
,16:15:36,0,NaN
86,16:15:37,1.433333333,1.433333333
,16:15:38,0,NaN
,16:15:39,0,NaN
,16:15:40,0,NaN
,16:15:41,0,NaN
85,16:15:42,1.416666667,1.416666667
,16:15:43,0,NaN
,16:15:44,0,NaN
,16:15:45,0,NaN
,16:15:46,0,NaN
,16:15:47,0,NaN
,16:15:48,0,NaN
,16:15:49,0,NaN
,16:15:50,0,NaN
,16:15:51,0,NaN
,16:15:52,0,NaN
,16:15:53,0,NaN
,16:15:54,0,NaN
,16:15:55,0,NaN
,16:15:56,0,NaN
85,16:15:57,1.416666667,1.416666667
,16:15:58,0,NaN
,16:15:59,0,NaN
,16:16:00,0,NaN
,16:16:01,0,NaN
,16:16:02,0,NaN
,16:16:03,0,NaN
,16:16:04,0,NaN
,16:16:05,0,NaN
,16:16:06,0,NaN
83,16:16:07,1.383333333,1.383333333
,16:16:08,0,NaN
,16:16:09,0,NaN
,16:16:10,0,NaN
,16:16:11,0,NaN
78,16:16:12,1.3,1.3
,16:16:13,0,NaN
,16:16:14,0,NaN
,16:16:15,0,NaN
,16:16:16,0,NaN
77,16:16:17,1.283333333,1.283333333
,16:16:18,0,NaN
,16:16:19,0,NaN
,16:16:20,0,NaN
,16:16:21,0,NaN
78,16:16:22,1.3,1.3
,16:16:23,0,NaN
,16:16:24,0,NaN
,16:16:25,0,NaN
,16:16:26,0,NaN
,16:16:27,0,NaN
,16:16:28,0,NaN
,16:16:29,0,NaN
,16:16:30,0,NaN
,16:16:31,0,NaN
,16:16:32,0,NaN
,16:16:33,0,NaN
,16:16:34,0,NaN
,16:16:35,0,NaN
,16:16:36,0,NaN
78,16:16:37,1.3,1.3
,16:16:38,0,NaN
,16:16:39,0,NaN
,16:16:40,0,NaN
,16:16:41,0,NaN
,16:16:42,0,NaN
,16:16:43,0,NaN
,16:16:44,0,NaN
,16:16:45,0,NaN
,16:16:46,0,NaN
79,16:16:47,1.316666667,1.316666667
,16:16:48,0,NaN
,16:16:49,0,NaN
,16:16:50,0,NaN
,16:16:51,0,NaN
,16:16:52,0,NaN
,16:16:53,0,NaN
,16:16:54,0,NaN
,16:16:55,0,NaN
,16:16:56,0,NaN
80,16:16:57,1.333333333,1.333333333
,16:16:58,0,NaN
,16:16:59,0,NaN
,16:17:00,0,NaN
,16:17:01,0,NaN
,16:17:02,0,NaN
,16:17:03,0,NaN
,16:17:04,0,NaN
,16:17:05,0,NaN
,16:17:06,0,NaN
79,16:17:07,1.316666667,1.316666667
,16:17:08,0,NaN
,16:17:09,0,NaN
,16:17:10,0,NaN
,16:17:11,0,NaN
78,16:17:12,1.3,1.3
,16:17:13,0,NaN
,16:17:14,0,NaN
,16:17:15,0,NaN
,16:17:16,0,NaN
77,16:17:17,1.283333333,1.283333333
,16:17:18,0,NaN
,16:17:19,0,NaN
,16:17:20,0,NaN
,16:17:21,0,NaN
,16:17:22,0,NaN
,16:17:23,0,NaN
,16:17:24,0,NaN
,16:17:25,0,NaN
,16:17:26,0,NaN
77,16:17:27,1.283333333,1.283333333
,16:17:28,0,NaN
,16:17:29,0,NaN
,16:17:30,0,NaN
,16:17:31,0,NaN
,16:17:32,0,NaN
,16:17:33,0,NaN
,16:17:34,0,NaN
,16:17:35,0,NaN
,16:17:36,0,NaN
,16:17:37,0,NaN
,16:17:38,0,NaN
,16:17:39,0,NaN
,16:17:40,0,NaN
,16:17:41,0,NaN
77,16:17:42,1.283333333,1.283333333
,16:17:43,0,NaN
,16:17:44,0,NaN
,16:17:45,0,NaN
,16:17:46,0,NaN
,16:17:47,0,NaN
,16:17:48,0,NaN
,16:17:49,0,NaN
,16:17:50,0,NaN
,16:17:51,0,NaN
,16:17:52,0,NaN
,16:17:53,0,NaN
,16:17:54,0,NaN
,16:17:55,0,NaN
,16:17:56,0,NaN
78,16:17:57,1.3,1.3
,16:17:58,0,NaN
,16:17:59,0,NaN
,16:18:00,0,NaN
,16:18:01,0,NaN
77,16:18:02,1.283333333,1.283333333
,16:18:03,0,NaN
,16:18:04,0,NaN
,16:18:05,0,NaN
,16:18:06,0,NaN
,16:18:07,0,NaN
,16:18:08,0,NaN
,16:18:09,0,NaN
,16:18:10,0,NaN
,16:18:11,0,NaN
,16:18:12,0,NaN
,16:18:13,0,NaN
,16:18:14,0,NaN
,16:18:15,0,NaN
,16:18:16,0,NaN
77,16:18:17,1.283333333,1.283333333
,16:18:18,0,NaN
,16:18:19,0,NaN
,16:18:20,0,NaN
,16:18:21,0,NaN
,16:18:22,0,NaN
,16:18:23,0,NaN
,16:18:24,0,NaN
,16:18:25,0,NaN
,16:18:26,0,NaN
78,16:18:27,1.3,1.3
,16:18:28,0,NaN
,16:18:29,0,NaN
,16:18:30,0,NaN
,16:18:31,0,NaN
79,16:18:32,1.316666667,1.316666667
,16:18:33,0,NaN
,16:18:34,0,NaN
,16:18:35,0,NaN
,16:18:36,0,NaN
,16:18:37,0,NaN
,16:18:38,0,NaN
,16:18:39,0,NaN
,16:18:40,0,NaN
,16:18:41,0,NaN
,16:18:42,0,NaN
,16:18:43,0,NaN
,16:18:44,0,NaN
,16:18:45,0,NaN
,16:18:46,0,NaN
79,16:18:47,1.316666667,1.316666667
,16:18:48,0,NaN
,16:18:49,0,NaN
,16:18:50,0,NaN
,16:18:51,0,NaN
79,16:18:52,1.316666667,1.316666667
,16:18:53,0,NaN
,16:18:54,0,NaN
,16:18:55,0,NaN
,16:18:56,0,NaN
,16:18:57,0,NaN
,16:18:58,0,NaN
,16:18:59,0,NaN
,16:19:00,0,NaN
,16:19:01,0,NaN
,16:19:02,0,NaN
,16:19:03,0,NaN
,16:19:04,0,NaN
,16:19:05,0,NaN
,16:19:06,0,NaN
79,16:19:07,1.316666667,1.316666667
,16:19:08,0,NaN
,16:19:09,0,NaN
,16:19:10,0,NaN
,16:19:11,0,NaN
,16:19:12,0,NaN
,16:19:13,0,NaN
,16:19:14,0,NaN
,16:19:15,0,NaN
,16:19:16,0,NaN
,16:19:17,0,NaN
,16:19:18,0,NaN
,16:19:19,0,NaN
,16:19:20,0,NaN
,16:19:21,0,NaN
79,16:19:22,1.316666667,1.316666667
,16:19:23,0,NaN
,16:19:24,0,NaN
,16:19:25,0,NaN
,16:19:26,0,NaN
80,16:19:27,1.333333333,1.333333333
,16:19:28,0,NaN
,16:19:29,0,NaN
,16:19:30,0,NaN
,16:19:31,0,NaN
81,16:19:32,1.35,1.35
,16:19:33,0,NaN
,16:19:34,0,NaN
,16:19:35,0,NaN
,16:19:36,0,NaN
80,16:19:37,1.333333333,1.333333333
,16:19:38,0,NaN
,16:19:39,0,NaN
,16:19:40,0,NaN
,16:19:41,0,NaN
,16:19:42,0,NaN
,16:19:43,0,NaN
,16:19:44,0,NaN
,16:19:45,0,NaN
,16:19:46,0,NaN
79,16:19:47,1.316666667,1.316666667
,16:19:48,0,NaN
,16:19:49,0,NaN
,16:19:50,0,NaN
,16:19:51,0,NaN
80,16:19:52,1.333333333,1.333333333
,16:19:53,0,NaN
,16:19:54,0,NaN
,16:19:55,0,NaN
,16:19:56,0,NaN
79,16:19:57,1.316666667,1.316666667
,16:19:58,0,NaN
,16:19:59,0,NaN
,16:20:00,0,NaN
,16:20:01,0,NaN
,16:20:02,0,NaN
,16:20:03,0,NaN
,16:20:04,0,NaN
,16:20:05,0,NaN
,16:20:06,0,NaN
,16:20:07,0,NaN
,16:20:08,0,NaN
,16:20:09,0,NaN
,16:20:10,0,NaN
,16:20:11,0,NaN
79,16:20:12,1.316666667,1.316666667
,16:20:13,0,NaN
,16:20:14,0,NaN
,16:20:15,0,NaN
,16:20:16,0,NaN
76,16:20:17,1.266666667,1.266666667
,16:20:18,0,NaN
,16:20:19,0,NaN
,16:20:20,0,NaN
,16:20:21,0,NaN
75,16:20:22,1.25,1.25
,16:20:23,0,NaN
,16:20:24,0,NaN
,16:20:25,0,NaN
,16:20:26,0,NaN
74,16:20:27,1.233333333,1.233333333
,16:20:28,0,NaN
,16:20:29,0,NaN
,16:20:30,0,NaN
,16:20:31,0,NaN
75,16:20:32,1.25,1.25
,16:20:33,0,NaN
,16:20:34,0,NaN
,16:20:35,0,NaN
,16:20:36,0,NaN
,16:20:37,0,NaN
,16:20:38,0,NaN
,16:20:39,0,NaN
,16:20:40,0,NaN
,16:20:41,0,NaN
,16:20:42,0,NaN
,16:20:43,0,NaN
,16:20:44,0,NaN
,16:20:45,0,NaN
,16:20:46,0,NaN
76,16:20:47,1.266666667,1.266666667
,16:20:48,0,NaN
,16:20:49,0,NaN
,16:20:50,0,NaN
,16:20:51,0,NaN
79,16:20:52,1.316666667,1.316666667
,16:20:53,0,NaN
,16:20:54,0,NaN
,16:20:55,0,NaN
,16:20:56,0,NaN
78,16:20:57,1.3,1.3
,16:20:58,0,NaN
,16:20:59,0,NaN
,16:21:00,0,NaN
,16:21:01,0,NaN
77,16:21:02,1.283333333,1.283333333
,16:21:03,0,NaN
,16:21:04,0,NaN
,16:21:05,0,NaN
,16:21:06,0,NaN
,16:21:07,0,NaN
,16:21:08,0,NaN
,16:21:09,0,NaN
,16:21:10,0,NaN
,16:21:11,0,NaN
76,16:21:12,1.266666667,1.266666667
,16:21:13,0,NaN
,16:21:14,0,NaN
,16:21:15,0,NaN
,16:21:16,0,NaN
,16:21:17,0,NaN
,16:21:18,0,NaN
,16:21:19,0,NaN
,16:21:20,0,NaN
,16:21:21,0,NaN
,16:21:22,0,NaN
,16:21:23,0,NaN
,16:21:24,0,NaN
,16:21:25,0,NaN
,16:21:26,0,NaN
76,16:21:27,1.266666667,1.266666667
,16:21:28,0,NaN
,16:21:29,0,NaN
,16:21:30,0,NaN
,16:21:31,0,NaN
75,16:21:32,1.25,1.25
,16:21:33,0,NaN
,16:21:34,0,NaN
,16:21:35,0,NaN
,16:21:36,0,NaN
76,16:21:37,1.266666667,1.266666667
,16:21:38,0,NaN
,16:21:39,0,NaN
,16:21:40,0,NaN
,16:21:41,0,NaN
75,16:21:42,1.25,1.25
,16:21:43,0,NaN
,16:21:44,0,NaN
,16:21:45,0,NaN
,16:21:46,0,NaN
75,16:21:47,1.25,1.25
,16:21:48,0,NaN
,16:21:49,0,NaN
,16:21:50,0,NaN
,16:21:51,0,NaN
,16:21:52,0,NaN
,16:21:53,0,NaN
,16:21:54,0,NaN
,16:21:55,0,NaN
,16:21:56,0,NaN
,16:21:57,0,NaN
,16:21:58,0,NaN
,16:21:59,0,NaN
,16:22:00,0,NaN
,16:22:01,0,NaN
76,16:22:02,1.266666667,1.266666667
,16:22:03,0,NaN
,16:22:04,0,NaN
,16:22:05,0,NaN
,16:22:06,0,NaN
,16:22:07,0,NaN
,16:22:08,0,NaN
,16:22:09,0,NaN
,16:22:10,0,NaN
,16:22:11,0,NaN
,16:22:12,0,NaN
,16:22:13,0,NaN
,16:22:14,0,NaN
,16:22:15,0,NaN
,16:22:16,0,NaN
77,16:22:17,1.283333333,1.283333333
,16:22:18,0,NaN
,16:22:19,0,NaN
,16:22:20,0,NaN
,16:22:21,0,NaN
78,16:22:22,1.3,1.3
,16:22:23,0,NaN
,16:22:24,0,NaN
,16:22:25,0,NaN
,16:22:26,0,NaN
,16:22:27,0,NaN
78,16:22:28,1.3,1.3
,16:22:29,0,NaN
,16:22:30,0,NaN
,16:22:31,0,NaN
,16:22:32,0,NaN
,16:22:33,0,NaN
,16:22:34,0,NaN
,16:22:35,0,NaN
,16:22:36,0,NaN
,16:22:37,0,NaN
77,16:22:38,1.283333333,1.283333333
,16:22:39,0,NaN
,16:22:40,0,NaN
,16:22:41,0,NaN
,16:22:42,0,NaN
75,16:22:43,1.25,1.25
,16:22:44,0,NaN
,16:22:45,0,NaN
,16:22:46,0,NaN
,16:22:47,0,NaN
,16:22:48,0,NaN
,16:22:49,0,NaN
,16:22:50,0,NaN
,16:22:51,0,NaN
,16:22:52,0,NaN
76,16:22:53,1.266666667,1.266666667
,16:22:54,0,NaN
,16:22:55,0,NaN
,16:22:56,0,NaN
,16:22:57,0,NaN
75,16:22:58,1.25,1.25
,16:22:59,0,NaN
,16:23:00,0,NaN
,16:23:01,0,NaN
,16:23:02,0,NaN
75,16:23:03,1.25,1.25
,16:23:04,0,NaN
,16:23:05,0,NaN
,16:23:06,0,NaN
,16:23:07,0,NaN
,16:23:08,0,NaN
,16:23:09,0,NaN
,16:23:10,0,NaN
,16:23:11,0,NaN
,16:23:12,0,NaN
76,16:23:13,1.266666667,1.266666667
,16:23:14,0,NaN
,16:23:15,0,NaN
,16:23:16,0,NaN
,16:23:17,0,NaN
,16:23:18,0,NaN
,16:23:19,0,NaN
,16:23:20,0,NaN
,16:23:21,0,NaN
,16:23:22,0,NaN
,16:23:23,0,NaN
,16:23:24,0,NaN
,16:23:25,0,NaN
,16:23:26,0,NaN
,16:23:27,0,NaN
75,16:23:28,1.25,1.25
,16:23:29,0,NaN
,16:23:30,0,NaN
,16:23:31,0,NaN
,16:23:32,0,NaN
,16:23:33,0,NaN
,16:23:34,0,NaN
,16:23:35,0,NaN
,16:23:36,0,NaN
,16:23:37,0,NaN
76,16:23:38,1.266666667,1.266666667
,16:23:39,0,NaN
,16:23:40,0,NaN
,16:23:41,0,NaN
,16:23:42,0,NaN
,16:23:43,0,NaN
,16:23:44,0,NaN
,16:23:45,0,NaN
,16:23:46,0,NaN
,16:23:47,0,NaN
,16:23:48,0,NaN
,16:23:49,0,NaN
,16:23:50,0,NaN
,16:23:51,0,NaN
,16:23:52,0,NaN
77,16:23:53,1.283333333,1.283333333
,16:23:54,0,NaN
,16:23:55,0,NaN
,16:23:56,0,NaN
,16:23:57,0,NaN
78,16:23:58,1.3,1.3
,16:23:59,0,NaN
,16:24:00,0,NaN
,16:24:01,0,NaN
,16:24:02,0,NaN
,16:24:03,0,NaN
,16:24:04,0,NaN
,16:24:05,0,NaN
,16:24:06,0,NaN
,16:24:07,0,NaN
84,16:24:08,1.4,1.4
,16:24:09,0,NaN
,16:24:10,0,NaN
,16:24:11,0,NaN
,16:24:12,0,NaN
82,16:24:13,1.366666667,1.366666667
,16:24:14,0,NaN
,16:24:15,0,NaN
,16:24:16,0,NaN
,16:24:17,0,NaN
81,16:24:18,1.35,1.35
,16:24:19,0,NaN
,16:24:20,0,NaN
,16:24:21,0,NaN
,16:24:22,0,NaN
78,16:24:23,1.3,1.3
,16:24:24,0,NaN
,16:24:25,0,NaN
,16:24:26,0,NaN
,16:24:27,0,NaN
,16:24:28,0,NaN
,16:24:29,0,NaN
,16:24:30,0,NaN
,16:24:31,0,NaN
,16:24:32,0,NaN
,16:24:33,0,NaN
,16:24:34,0,NaN
,16:24:35,0,NaN
,16:24:36,0,NaN
,16:24:37,0,NaN
78,16:24:38,1.3,1.3
,16:24:39,0,NaN
,16:24:40,0,NaN
,16:24:41,0,NaN
,16:24:42,0,NaN
,16:24:43,0,NaN
,16:24:44,0,NaN
,16:24:45,0,NaN
,16:24:46,0,NaN
,16:24:47,0,NaN
80,16:24:48,1.333333333,1.333333333
,16:24:49,0,NaN
,16:24:50,0,NaN
,16:24:51,0,NaN
,16:24:52,0,NaN
,16:24:53,0,NaN
,16:24:54,0,NaN
,16:24:55,0,NaN
,16:24:56,0,NaN
,16:24:57,0,NaN
79,16:24:58,1.316666667,1.316666667
,16:24:59,0,NaN
,16:25:00,0,NaN
,16:25:01,0,NaN
,16:25:02,0,NaN
78,16:25:03,1.3,1.3
,16:25:04,0,NaN
,16:25:05,0,NaN
,16:25:06,0,NaN
,16:25:07,0,NaN
77,16:25:08,1.283333333,1.283333333
,16:25:09,0,NaN
,16:25:10,0,NaN
,16:25:11,0,NaN
,16:25:12,0,NaN
76,16:25:13,1.266666667,1.266666667
,16:25:14,0,NaN
,16:25:15,0,NaN
,16:25:16,0,NaN
,16:25:17,0,NaN
,16:25:18,0,NaN
,16:25:19,0,NaN
,16:25:20,0,NaN
,16:25:21,0,NaN
,16:25:22,0,NaN
77,16:25:23,1.283333333,1.283333333
,16:25:24,0,NaN
,16:25:25,0,NaN
,16:25:26,0,NaN
,16:25:27,0,NaN
,16:25:28,0,NaN
,16:25:29,0,NaN
,16:25:30,0,NaN
,16:25:31,0,NaN
,16:25:32,0,NaN
,16:25:33,0,NaN
,16:25:34,0,NaN
,16:25:35,0,NaN
,16:25:36,0,NaN
,16:25:37,0,NaN
77,16:25:38,1.283333333,1.283333333
,16:25:39,0,NaN
,16:25:40,0,NaN
,16:25:41,0,NaN
,16:25:42,0,NaN
76,16:25:43,1.266666667,1.266666667
,16:25:44,0,NaN
,16:25:45,0,NaN
,16:25:46,0,NaN
,16:25:47,0,NaN
77,16:25:48,1.283333333,1.283333333
,16:25:49,0,NaN
,16:25:50,0,NaN
,16:25:51,0,NaN
,16:25:52,0,NaN
,16:25:53,0,NaN
,16:25:54,0,NaN
,16:25:55,0,NaN
,16:25:56,0,NaN
,16:25:57,0,NaN
,16:25:58,0,NaN
,16:25:59,0,NaN
,16:26:00,0,NaN
,16:26:01,0,NaN
,16:26:02,0,NaN
77,16:26:03,1.283333333,1.283333333
,16:26:04,0,NaN
,16:26:05,0,NaN
,16:26:06,0,NaN
,16:26:07,0,NaN
78,16:26:08,1.3,1.3
,16:26:09,0,NaN
,16:26:10,0,NaN
,16:26:11,0,NaN
,16:26:12,0,NaN
78,16:26:13,1.3,1.3
,16:26:14,0,NaN
,16:26:15,0,NaN
,16:26:16,0,NaN
,16:26:17,0,NaN
,16:26:18,0,NaN
,16:26:19,0,NaN
,16:26:20,0,NaN
,16:26:21,0,NaN
,16:26:22,0,NaN
78,16:26:23,1.3,1.3
,16:26:24,0,NaN
,16:26:25,0,NaN
,16:26:26,0,NaN
,16:26:27,0,NaN
77,16:26:28,1.283333333,1.283333333
,16:26:29,0,NaN
,16:26:30,0,NaN
,16:26:31,0,NaN
,16:26:32,0,NaN
75,16:26:33,1.25,1.25
,16:26:34,0,NaN
,16:26:35,0,NaN
,16:26:36,0,NaN
,16:26:37,0,NaN
73,16:26:38,1.216666667,1.216666667
,16:26:39,0,NaN
,16:26:40,0,NaN
,16:26:41,0,NaN
,16:26:42,0,NaN
,16:26:43,0,NaN
,16:26:44,0,NaN
,16:26:45,0,NaN
,16:26:46,0,NaN
,16:26:47,0,NaN
72,16:26:48,1.2,1.2
,16:26:49,0,NaN
,16:26:50,0,NaN
,16:26:51,0,NaN
,16:26:52,0,NaN
,16:26:53,0,NaN
,16:26:54,0,NaN
,16:26:55,0,NaN
,16:26:56,0,NaN
,16:26:57,0,NaN
,16:26:58,0,NaN
,16:26:59,0,NaN
,16:27:00,0,NaN
,16:27:01,0,NaN
,16:27:02,0,NaN
72,16:27:03,1.2,1.2
,16:27:04,0,NaN
,16:27:05,0,NaN
,16:27:06,0,NaN
,16:27:07,0,NaN
,16:27:08,0,NaN
,16:27:09,0,NaN
,16:27:10,0,NaN
,16:27:11,0,NaN
,16:27:12,0,NaN
,16:27:13,0,NaN
,16:27:14,0,NaN
,16:27:15,0,NaN
,16:27:16,0,NaN
,16:27:17,0,NaN
71,16:27:18,1.183333333,1.183333333
,16:27:19,0,NaN
,16:27:20,0,NaN
,16:27:21,0,NaN
,16:27:22,0,NaN
72,16:27:23,1.2,1.2
,16:27:24,0,NaN
,16:27:25,0,NaN
,16:27:26,0,NaN
,16:27:27,0,NaN
,16:27:28,0,NaN
,16:27:29,0,NaN
,16:27:30,0,NaN
,16:27:31,0,NaN
,16:27:32,0,NaN
,16:27:33,0,NaN
,16:27:34,0,NaN
,16:27:35,0,NaN
,16:27:36,0,NaN
,16:27:37,0,NaN
72,16:27:38,1.2,1.2
,16:27:39,0,NaN
,16:27:40,0,NaN
,16:27:41,0,NaN
,16:27:42,0,NaN
74,16:27:43,1.233333333,1.233333333
,16:27:44,0,NaN
,16:27:45,0,NaN
,16:27:46,0,NaN
,16:27:47,0,NaN
75,16:27:48,1.25,1.25
,16:27:49,0,NaN
,16:27:50,0,NaN
,16:27:51,0,NaN
,16:27:52,0,NaN
74,16:27:53,1.233333333,1.233333333
,16:27:54,0,NaN
,16:27:55,0,NaN
,16:27:56,0,NaN
,16:27:57,0,NaN
73,16:27:58,1.216666667,1.216666667
,16:27:59,0,NaN
,16:28:00,0,NaN
,16:28:01,0,NaN
,16:28:02,0,NaN
,16:28:03,0,NaN
,16:28:04,0,NaN
,16:28:05,0,NaN
,16:28:06,0,NaN
,16:28:07,0,NaN
,16:28:08,0,NaN
,16:28:09,0,NaN
,16:28:10,0,NaN
,16:28:11,0,NaN
,16:28:12,0,NaN
72,16:28:13,1.2,1.2
,16:28:14,0,NaN
,16:28:15,0,NaN
,16:28:16,0,NaN
,16:28:17,0,NaN
,16:28:18,0,NaN
,16:28:19,0,NaN
,16:28:20,0,NaN
,16:28:21,0,NaN
,16:28:22,0,NaN
,16:28:23,0,NaN
,16:28:24,0,NaN
,16:28:25,0,NaN
,16:28:26,0,NaN
,16:28:27,0,NaN
72,16:28:28,1.2,1.2
,16:28:29,0,NaN
,16:28:30,0,NaN
,16:28:31,0,NaN
,16:28:32,0,NaN
,16:28:33,0,NaN
,16:28:34,0,NaN
,16:28:35,0,NaN
,16:28:36,0,NaN
,16:28:37,0,NaN
68,16:28:38,1.133333333,1.133333333
,16:28:39,0,NaN
,16:28:40,0,NaN
,16:28:41,0,NaN
,16:28:42,0,NaN
69,16:28:43,1.15,1.15
,16:28:44,0,NaN
,16:28:45,0,NaN
,16:28:46,0,NaN
,16:28:47,0,NaN
70,16:28:48,1.166666667,1.166666667
,16:28:49,0,NaN
,16:28:50,0,NaN
,16:28:51,0,NaN
,16:28:52,0,NaN
,16:28:53,0,NaN
,16:28:54,0,NaN
,16:28:55,0,NaN
,16:28:56,0,NaN
,16:28:57,0,NaN
72,16:28:58,1.2,1.2
,16:28:59,0,NaN
,16:29:00,0,NaN
,16:29:01,0,NaN
,16:29:02,0,NaN
74,16:29:03,1.233333333,1.233333333
,16:29:04,0,NaN
,16:29:05,0,NaN
,16:29:06,0,NaN
,16:29:07,0,NaN
,16:29:08,0,NaN
,16:29:09,0,NaN
,16:29:10,0,NaN
,16:29:11,0,NaN
,16:29:12,0,NaN
,16:29:13,0,NaN
,16:29:14,0,NaN
,16:29:15,0,NaN
,16:29:16,0,NaN
,16:29:17,0,NaN
74,16:29:18,1.233333333,1.233333333
,16:29:19,0,NaN
,16:29:20,0,NaN
,16:29:21,0,NaN
,16:29:22,0,NaN
75,16:29:23,1.25,1.25
,16:29:24,0,NaN
,16:29:25,0,NaN
,16:29:26,0,NaN
,16:29:27,0,NaN
77,16:29:28,1.283333333,1.283333333
,16:29:29,0,NaN
,16:29:30,0,NaN
,16:29:31,0,NaN
,16:29:32,0,NaN
78,16:29:33,1.3,1.3
,16:29:34,0,NaN
,16:29:35,0,NaN
,16:29:36,0,NaN
,16:29:37,0,NaN
,16:29:38,0,NaN
,16:29:39,0,NaN
,16:29:40,0,NaN
,16:29:41,0,NaN
,16:29:42,0,NaN
77,16:29:43,1.283333333,1.283333333
,16:29:44,0,NaN
,16:29:45,0,NaN
,16:29:46,0,NaN
,16:29:47,0,NaN
76,16:29:48,1.266666667,1.266666667
,16:29:49,0,NaN
,16:29:50,0,NaN
,16:29:51,0,NaN
,16:29:52,0,NaN
75,16:29:53,1.25,1.25
,16:29:54,0,NaN
,16:29:55,0,NaN
,16:29:56,0,NaN
,16:29:57,0,NaN
75,16:29:58,1.25,1.25
,16:29:59,0,NaN
,16:30:00,0,NaN
,16:30:01,0,NaN
,16:30:02,0,NaN
,16:30:03,0,NaN
,16:30:04,0,NaN
,16:30:05,0,NaN
,16:30:06,0,NaN
,16:30:07,0,NaN
74,16:30:08,1.233333333,1.233333333
,16:30:09,0,NaN
,16:30:10,0,NaN
,16:30:11,0,NaN
,16:30:12,0,NaN
76,16:30:13,1.266666667,1.266666667
,16:30:14,0,NaN
,16:30:15,0,NaN
,16:30:16,0,NaN
,16:30:17,0,NaN
77,16:30:18,1.283333333,1.283333333
,16:30:19,0,NaN
,16:30:20,0,NaN
,16:30:21,0,NaN
,16:30:22,0,NaN
,16:30:23,0,NaN
,16:30:24,0,NaN
,16:30:25,0,NaN
,16:30:26,0,NaN
,16:30:27,0,NaN
,16:30:28,0,NaN
,16:30:29,0,NaN
,16:30:30,0,NaN
,16:30:31,0,NaN
,16:30:32,0,NaN
85,16:30:33,1.416666667,1.416666667
,16:30:34,0,NaN
,16:30:35,0,NaN
,16:30:36,0,NaN
,16:30:37,0,NaN
84,16:30:38,1.4,1.4
,16:30:39,0,NaN
,16:30:40,0,NaN
,16:30:41,0,NaN
,16:30:42,0,NaN
79,16:30:43,1.316666667,1.316666667
,16:30:44,0,NaN
,16:30:45,0,NaN
,16:30:46,0,NaN
,16:30:47,0,NaN
76,16:30:48,1.266666667,1.266666667
,16:30:49,0,NaN
,16:30:50,0,NaN
,16:30:51,0,NaN
,16:30:52,0,NaN
75,16:30:53,1.25,1.25
,16:30:54,0,NaN
,16:30:55,0,NaN
,16:30:56,0,NaN
,16:30:57,0,NaN
76,16:30:58,1.266666667,1.266666667
,16:30:59,0,NaN
,16:31:00,0,NaN
,16:31:01,0,NaN
,16:31:02,0,NaN
,16:31:03,0,NaN
,16:31:04,0,NaN
,16:31:05,0,NaN
,16:31:06,0,NaN
,16:31:07,0,NaN
,16:31:08,0,NaN
,16:31:09,0,NaN
,16:31:10,0,NaN
,16:31:11,0,NaN
,16:31:12,0,NaN
76,16:31:13,1.266666667,1.266666667
,16:31:14,0,NaN
,16:31:15,0,NaN
,16:31:16,0,NaN
,16:31:17,0,NaN
75,16:31:18,1.25,1.25
,16:31:19,0,NaN
,16:31:20,0,NaN
,16:31:21,0,NaN
,16:31:22,0,NaN
74,16:31:23,1.233333333,1.233333333
,16:31:24,0,NaN
,16:31:25,0,NaN
,16:31:26,0,NaN
,16:31:27,0,NaN
,16:31:28,0,NaN
,16:31:29,0,NaN
,16:31:30,0,NaN
,16:31:31,0,NaN
,16:31:32,0,NaN
75,16:31:33,1.25,1.25
,16:31:34,0,NaN
,16:31:35,0,NaN
,16:31:36,0,NaN
,16:31:37,0,NaN
,16:31:38,0,NaN
,16:31:39,0,NaN
,16:31:40,0,NaN
,16:31:41,0,NaN
,16:31:42,0,NaN
76,16:31:43,1.266666667,1.266666667
,16:31:44,0,NaN
,16:31:45,0,NaN
,16:31:46,0,NaN
,16:31:47,0,NaN
,16:31:48,0,NaN
,16:31:49,0,NaN
,16:31:50,0,NaN
,16:31:51,0,NaN
,16:31:52,0,NaN
78,16:31:53,1.3,1.3
,16:31:54,0,NaN
,16:31:55,0,NaN
,16:31:56,0,NaN
,16:31:57,0,NaN
80,16:31:58,1.333333333,1.333333333
,16:31:59,0,NaN
,16:32:00,0,NaN
,16:32:01,0,NaN
,16:32:02,0,NaN
,16:32:03,0,NaN
,16:32:04,0,NaN
,16:32:05,0,NaN
,16:32:06,0,NaN
,16:32:07,0,NaN
,16:32:08,0,NaN
,16:32:09,0,NaN
,16:32:10,0,NaN
,16:32:11,0,NaN
,16:32:12,0,NaN
78,16:32:13,1.3,1.3
,16:32:14,0,NaN
,16:32:15,0,NaN
,16:32:16,0,NaN
,16:32:17,0,NaN
77,16:32:18,1.283333333,1.283333333
,16:32:19,0,NaN
,16:32:20,0,NaN
,16:32:21,0,NaN
,16:32:22,0,NaN
75,16:32:23,1.25,1.25
,16:32:24,0,NaN
,16:32:25,0,NaN
,16:32:26,0,NaN
,16:32:27,0,NaN
74,16:32:28,1.233333333,1.233333333
,16:32:29,0,NaN
,16:32:30,0,NaN
,16:32:31,0,NaN
,16:32:32,0,NaN
74,16:32:33,1.233333333,1.233333333
,16:32:34,0,NaN
,16:32:35,0,NaN
,16:32:36,0,NaN
,16:32:37,0,NaN
,16:32:38,0,NaN
,16:32:39,0,NaN
,16:32:40,0,NaN
,16:32:41,0,NaN
,16:32:42,0,NaN
,16:32:43,0,NaN
,16:32:44,0,NaN
,16:32:45,0,NaN
,16:32:46,0,NaN
,16:32:47,0,NaN
74,16:32:48,1.233333333,1.233333333
,16:32:49,0,NaN
,16:32:50,0,NaN
,16:32:51,0,NaN
,16:32:52,0,NaN
,16:32:53,0,NaN
,16:32:54,0,NaN
,16:32:55,0,NaN
,16:32:56,0,NaN
,16:32:57,0,NaN
,16:32:58,0,NaN
,16:32:59,0,NaN
,16:33:00,0,NaN
,16:33:01,0,NaN
,16:33:02,0,NaN
74,16:33:03,1.233333333,1.233333333
,16:33:04,0,NaN
,16:33:05,0,NaN
,16:33:06,0,NaN
,16:33:07,0,NaN
,16:33:08,0,NaN
,16:33:09,0,NaN
,16:33:10,0,NaN
,16:33:11,0,NaN
,16:33:12,0,NaN
77,16:33:13,1.283333333,1.283333333
,16:33:14,0,NaN
,16:33:15,0,NaN
,16:33:16,0,NaN
,16:33:17,0,NaN
76,16:33:18,1.266666667,1.266666667
,16:33:19,0,NaN
,16:33:20,0,NaN
,16:33:21,0,NaN
,16:33:22,0,NaN
,16:33:23,0,NaN
,16:33:24,0,NaN
,16:33:25,0,NaN
,16:33:26,0,NaN
,16:33:27,0,NaN
,16:33:28,0,NaN
,16:33:29,0,NaN
,16:33:30,0,NaN
,16:33:31,0,NaN
,16:33:32,0,NaN
76,16:33:33,1.266666667,1.266666667
,16:33:34,0,NaN
,16:33:35,0,NaN
,16:33:36,0,NaN
,16:33:37,0,NaN
,16:33:38,0,NaN
,16:33:39,0,NaN
,16:33:40,0,NaN
,16:33:41,0,NaN
,16:33:42,0,NaN
,16:33:43,0,NaN
,16:33:44,0,NaN
,16:33:45,0,NaN
,16:33:46,0,NaN
,16:33:47,0,NaN
77,16:33:48,1.283333333,1.283333333
,16:33:49,0,NaN
,16:33:50,0,NaN
,16:33:51,0,NaN
,16:33:52,0,NaN
78,16:33:53,1.3,1.3
,16:33:54,0,NaN
,16:33:55,0,NaN
,16:33:56,0,NaN
,16:33:57,0,NaN
80,16:33:58,1.333333333,1.333333333
,16:33:59,0,NaN
,16:34:00,0,NaN
,16:34:01,0,NaN
,16:34:02,0,NaN
78,16:34:03,1.3,1.3
,16:34:04,0,NaN
,16:34:05,0,NaN
,16:34:06,0,NaN
,16:34:07,0,NaN
78,16:34:08,1.3,1.3
,16:34:09,0,NaN
,16:34:10,0,NaN
,16:34:11,0,NaN
,16:34:12,0,NaN
,16:34:13,0,NaN
,16:34:14,0,NaN
,16:34:15,0,NaN
,16:34:16,0,NaN
,16:34:17,0,NaN
,16:34:18,0,NaN
,16:34:19,0,NaN
,16:34:20,0,NaN
,16:34:21,0,NaN
,16:34:22,0,NaN
77,16:34:23,1.283333333,1.283333333
,16:34:24,0,NaN
,16:34:25,0,NaN
,16:34:26,0,NaN
,16:34:27,0,NaN
75,16:34:28,1.25,1.25
,16:34:29,0,NaN
,16:34:30,0,NaN
,16:34:31,0,NaN
,16:34:32,0,NaN
76,16:34:33,1.266666667,1.266666667
,16:34:34,0,NaN
,16:34:35,0,NaN
,16:34:36,0,NaN
,16:34:37,0,NaN
,16:34:38,0,NaN
,16:34:39,0,NaN
,16:34:40,0,NaN
,16:34:41,0,NaN
,16:34:42,0,NaN
,16:34:43,0,NaN
,16:34:44,0,NaN
,16:34:45,0,NaN
,16:34:46,0,NaN
,16:34:47,0,NaN
77,16:34:48,1.283333333,1.283333333
,16:34:49,0,NaN
,16:34:50,0,NaN
,16:34:51,0,NaN
,16:34:52,0,NaN
,16:34:53,0,NaN
,16:34:54,0,NaN
,16:34:55,0,NaN
,16:34:56,0,NaN
,16:34:57,0,NaN
76,16:34:58,1.266666667,1.266666667
,16:34:59,0,NaN
,16:35:00,0,NaN
,16:35:01,0,NaN
,16:35:02,0,NaN
76,16:35:03,1.266666667,1.266666667
,16:35:04,0,NaN
,16:35:05,0,NaN
,16:35:06,0,NaN
,16:35:07,0,NaN
77,16:35:08,1.283333333,1.283333333
,16:35:09,0,NaN
,16:35:10,0,NaN
,16:35:11,0,NaN
,16:35:12,0,NaN
,16:35:13,0,NaN
,16:35:14,0,NaN
,16:35:15,0,NaN
,16:35:16,0,NaN
,16:35:17,0,NaN
,16:35:18,0,NaN
,16:35:19,0,NaN
,16:35:20,0,NaN
,16:35:21,0,NaN
,16:35:22,0,NaN
76,16:35:23,1.266666667,1.266666667
,16:35:24,0,NaN
,16:35:25,0,NaN
,16:35:26,0,NaN
,16:35:27,0,NaN
77,16:35:28,1.283333333,1.283333333
,16:35:29,0,NaN
,16:35:30,0,NaN
,16:35:31,0,NaN
,16:35:32,0,NaN
,16:35:33,0,NaN
,16:35:34,0,NaN
,16:35:35,0,NaN
,16:35:36,0,NaN
,16:35:37,0,NaN
,16:35:38,0,NaN
,16:35:39,0,NaN
,16:35:40,0,NaN
,16:35:41,0,NaN
,16:35:42,0,NaN
78,16:35:43,1.3,1.3
,16:35:44,0,NaN
,16:35:45,0,NaN
,16:35:46,0,NaN
,16:35:47,0,NaN
75,16:35:48,1.25,1.25
,16:35:49,0,NaN
,16:35:50,0,NaN
,16:35:51,0,NaN
,16:35:52,0,NaN
,16:35:53,0,NaN
,16:35:54,0,NaN
,16:35:55,0,NaN
,16:35:56,0,NaN
,16:35:57,0,NaN
,16:35:58,0,NaN
,16:35:59,0,NaN
,16:36:00,0,NaN
,16:36:01,0,NaN
,16:36:02,0,NaN
75,16:36:03,1.25,1.25
,16:36:04,0,NaN
,16:36:05,0,NaN
,16:36:06,0,NaN
,16:36:07,0,NaN
76,16:36:08,1.266666667,1.266666667
,16:36:09,0,NaN
,16:36:10,0,NaN
,16:36:11,0,NaN
,16:36:12,0,NaN
77,16:36:13,1.283333333,1.283333333
,16:36:14,0,NaN
,16:36:15,0,NaN
,16:36:16,0,NaN
,16:36:17,0,NaN
79,16:36:18,1.316666667,1.316666667
,16:36:19,0,NaN
,16:36:20,0,NaN
,16:36:21,0,NaN
,16:36:22,0,NaN
80,16:36:23,1.333333333,1.333333333
,16:36:24,0,NaN
,16:36:25,0,NaN
,16:36:26,0,NaN
,16:36:27,0,NaN
81,16:36:28,1.35,1.35
,16:36:29,0,NaN
,16:36:30,0,NaN
,16:36:31,0,NaN
,16:36:32,0,NaN
80,16:36:33,1.333333333,1.333333333
,16:36:34,0,NaN
,16:36:35,0,NaN
,16:36:36,0,NaN
,16:36:37,0,NaN
79,16:36:38,1.316666667,1.316666667
,16:36:39,0,NaN
,16:36:40,0,NaN
,16:36:41,0,NaN
,16:36:42,0,NaN
77,16:36:43,1.283333333,1.283333333
,16:36:44,0,NaN
,16:36:45,0,NaN
,16:36:46,0,NaN
,16:36:47,0,NaN
77,16:36:48,1.283333333,1.283333333
,16:36:49,0,NaN
,16:36:50,0,NaN
,16:36:51,0,NaN
,16:36:52,0,NaN
,16:36:53,0,NaN
,16:36:54,0,NaN
,16:36:55,0,NaN
,16:36:56,0,NaN
,16:36:57,0,NaN
76,16:36:58,1.266666667,1.266666667
,16:36:59,0,NaN
,16:37:00,0,NaN
,16:37:01,0,NaN
,16:37:02,0,NaN
,16:37:03,0,NaN
,16:37:04,0,NaN
,16:37:05,0,NaN
,16:37:06,0,NaN
,16:37:07,0,NaN
,16:37:08,0,NaN
,16:37:09,0,NaN
,16:37:10,0,NaN
,16:37:11,0,NaN
,16:37:12,0,NaN
76,16:37:13,1.266666667,1.266666667
,16:37:14,0,NaN
,16:37:15,0,NaN
,16:37:16,0,NaN
,16:37:17,0,NaN
,16:37:18,0,NaN
,16:37:19,0,NaN
,16:37:20,0,NaN
,16:37:21,0,NaN
,16:37:22,0,NaN
,16:37:23,0,NaN
,16:37:24,0,NaN
,16:37:25,0,NaN
,16:37:26,0,NaN
,16:37:27,0,NaN
74,16:37:28,1.233333333,1.233333333
,16:37:29,0,NaN
,16:37:30,0,NaN
,16:37:31,0,NaN
,16:37:32,0,NaN
75,16:37:33,1.25,1.25
,16:37:34,0,NaN
,16:37:35,0,NaN
,16:37:36,0,NaN
,16:37:37,0,NaN
74,16:37:38,1.233333333,1.233333333
,16:37:39,0,NaN
,16:37:40,0,NaN
,16:37:41,0,NaN
,16:37:42,0,NaN
,16:37:43,0,NaN
,16:37:44,0,NaN
,16:37:45,0,NaN
,16:37:46,0,NaN
,16:37:47,0,NaN
,16:37:48,0,NaN
,16:37:49,0,NaN
,16:37:50,0,NaN
,16:37:51,0,NaN
,16:37:52,0,NaN
76,16:37:53,1.266666667,1.266666667
,16:37:54,0,NaN
,16:37:55,0,NaN
,16:37:56,0,NaN
,16:37:57,0,NaN
78,16:37:58,1.3,1.3
,16:37:59,0,NaN
,16:38:00,0,NaN
,16:38:01,0,NaN
,16:38:02,0,NaN
77,16:38:03,1.283333333,1.283333333
,16:38:04,0,NaN
,16:38:05,0,NaN
,16:38:06,0,NaN
,16:38:07,0,NaN
74,16:38:08,1.233333333,1.233333333
,16:38:09,0,NaN
,16:38:10,0,NaN
,16:38:11,0,NaN
,16:38:12,0,NaN
,16:38:13,0,NaN
,16:38:14,0,NaN
,16:38:15,0,NaN
,16:38:16,0,NaN
,16:38:17,0,NaN
75,16:38:18,1.25,1.25
,16:38:19,0,NaN
,16:38:20,0,NaN
,16:38:21,0,NaN
,16:38:22,0,NaN
,16:38:23,0,NaN
,16:38:24,0,NaN
,16:38:25,0,NaN
,16:38:26,0,NaN
,16:38:27,0,NaN
,16:38:28,0,NaN
,16:38:29,0,NaN
,16:38:30,0,NaN
,16:38:31,0,NaN
,16:38:32,0,NaN
75,16:38:33,1.25,1.25
,16:38:34,0,NaN
,16:38:35,0,NaN
,16:38:36,0,NaN
,16:38:37,0,NaN
,16:38:38,0,NaN
,16:38:39,0,NaN
,16:38:40,0,NaN
,16:38:41,0,NaN
,16:38:42,0,NaN
,16:38:43,0,NaN
,16:38:44,0,NaN
,16:38:45,0,NaN
,16:38:46,0,NaN
,16:38:47,0,NaN
76,16:38:48,1.266666667,1.266666667
,16:38:49,0,NaN
,16:38:50,0,NaN
,16:38:51,0,NaN
,16:38:52,0,NaN
,16:38:53,0,NaN
,16:38:54,0,NaN
,16:38:55,0,NaN
,16:38:56,0,NaN
,16:38:57,0,NaN
,16:38:58,0,NaN
,16:38:59,0,NaN
,16:39:00,0,NaN
,16:39:01,0,NaN
,16:39:02,0,NaN
76,16:39:03,1.266666667,1.266666667
,16:39:04,0,NaN
,16:39:05,0,NaN
,16:39:06,0,NaN
,16:39:07,0,NaN
,16:39:08,0,NaN
,16:39:09,0,NaN
,16:39:10,0,NaN
,16:39:11,0,NaN
,16:39:12,0,NaN
77,16:39:13,1.283333333,1.283333333
,16:39:14,0,NaN
,16:39:15,0,NaN
,16:39:16,0,NaN
,16:39:17,0,NaN
77,16:39:18,1.283333333,1.283333333
,16:39:19,0,NaN
,16:39:20,0,NaN
,16:39:21,0,NaN
,16:39:22,0,NaN
,16:39:23,0,NaN
,16:39:24,0,NaN
,16:39:25,0,NaN
,16:39:26,0,NaN
,16:39:27,0,NaN
,16:39:28,0,NaN
,16:39:29,0,NaN
,16:39:30,0,NaN
,16:39:31,0,NaN
,16:39:32,0,NaN
77,16:39:33,1.283333333,1.283333333
,16:39:34,0,NaN
,16:39:35,0,NaN
,16:39:36,0,NaN
,16:39:37,0,NaN
78,16:39:38,1.3,1.3
,16:39:39,0,NaN
,16:39:40,0,NaN
,16:39:41,0,NaN
,16:39:42,0,NaN
,16:39:43,0,NaN
,16:39:44,0,NaN
,16:39:45,0,NaN
,16:39:46,0,NaN
,16:39:47,0,NaN
78,16:39:48,1.3,1.3
,16:39:49,0,NaN
,16:39:50,0,NaN
,16:39:51,0,NaN
,16:39:52,0,NaN
,16:39:53,0,NaN
,16:39:54,0,NaN
,16:39:55,0,NaN
,16:39:56,0,NaN
,16:39:57,0,NaN
,16:39:58,0,NaN
,16:39:59,0,NaN
,16:40:00,0,NaN
,16:40:01,0,NaN
,16:40:02,0,NaN
78,16:40:03,1.3,1.3
,16:40:04,0,NaN
,16:40:05,0,NaN
,16:40:06,0,NaN
,16:40:07,0,NaN
,16:40:08,0,NaN
,16:40:09,0,NaN
,16:40:10,0,NaN
,16:40:11,0,NaN
,16:40:12,0,NaN
79,16:40:13,1.316666667,1.316666667
,16:40:14,0,NaN
,16:40:15,0,NaN
,16:40:16,0,NaN
,16:40:17,0,NaN
77,16:40:18,1.283333333,1.283333333
,16:40:19,0,NaN
,16:40:20,0,NaN
,16:40:21,0,NaN
,16:40:22,0,NaN
,16:40:23,0,NaN
,16:40:24,0,NaN
,16:40:25,0,NaN
,16:40:26,0,NaN
,16:40:27,0,NaN
,16:40:28,0,NaN
,16:40:29,0,NaN
,16:40:30,0,NaN
,16:40:31,0,NaN
,16:40:32,0,NaN
77,16:40:33,1.283333333,1.283333333
,16:40:34,0,NaN
,16:40:35,0,NaN
,16:40:36,0,NaN
,16:40:37,0,NaN
78,16:40:38,1.3,1.3
,16:40:39,0,NaN
,16:40:40,0,NaN
,16:40:41,0,NaN
,16:40:42,0,NaN
79,16:40:43,1.316666667,1.316666667
,16:40:44,0,NaN
,16:40:45,0,NaN
,16:40:46,0,NaN
,16:40:47,0,NaN
,16:40:48,0,NaN
,16:40:49,0,NaN
,16:40:50,0,NaN
,16:40:51,0,NaN
,16:40:52,0,NaN
,16:40:53,0,NaN
,16:40:54,0,NaN
,16:40:55,0,NaN
79,16:40:56,1.316666667,1.316666667
,16:40:57,0,NaN
,16:40:58,0,NaN
,16:49:09,0,NaN
70,16:49:10,1.166666667,1.166666667
,16:49:11,0,NaN
,16:49:12,0,NaN
,16:49:13,0,NaN
,16:49:14,0,NaN
,16:49:15,0,NaN
,16:49:16,0,NaN
,16:49:17,0,NaN
,16:49:18,0,NaN
,16:49:19,0,NaN
,16:49:20,0,NaN
,16:49:21,0,NaN
,16:49:22,0,NaN
,16:49:23,0,NaN
,16:49:24,0,NaN
70,16:49:25,1.166666667,1.166666667
,16:49:26,0,NaN
,16:49:27,0,NaN
,16:49:28,0,NaN
,16:49:29,0,NaN
,16:49:30,0,NaN
,16:49:31,0,NaN
,16:49:32,0,NaN
,16:49:33,0,NaN
,16:49:34,0,NaN
82,16:49:35,1.366666667,1.366666667
,16:49:36,0,NaN
,16:49:37,0,NaN
,16:49:38,0,NaN
,16:49:39,0,NaN
83,16:49:40,1.383333333,1.383333333
,16:49:41,0,NaN
,16:49:42,0,NaN
,16:49:43,0,NaN
,16:49:44,0,NaN
78,16:49:45,1.3,1.3
,16:49:46,0,NaN
,16:49:47,0,NaN
,16:49:48,0,NaN
,16:49:49,0,NaN
76,16:49:50,1.266666667,1.266666667
,16:49:51,0,NaN
,16:49:52,0,NaN
,16:49:53,0,NaN
,16:49:54,0,NaN
75,16:49:55,1.25,1.25
,16:49:56,0,NaN
,16:49:57,0,NaN
,16:49:58,0,NaN
,16:49:59,0,NaN
77,16:50:00,1.283333333,1.283333333
,16:50:01,0,NaN
,16:50:02,0,NaN
,16:50:03,0,NaN
,16:50:04,0,NaN
78,16:50:05,1.3,1.3
,16:50:06,0,NaN
,16:50:07,0,NaN
,16:50:08,0,NaN
,16:50:09,0,NaN
79,16:50:10,1.316666667,1.316666667
,16:50:11,0,NaN
,16:50:12,0,NaN
,16:50:13,0,NaN
,16:50:14,0,NaN
,16:50:15,0,NaN
,16:50:16,0,NaN
,16:50:17,0,NaN
,16:50:18,0,NaN
,16:50:19,0,NaN
79,16:50:20,1.316666667,1.316666667
,16:50:21,0,NaN
,16:50:22,0,NaN
,16:50:23,0,NaN
,16:50:24,0,NaN
82,16:50:25,1.366666667,1.366666667
,16:50:26,0,NaN
,16:50:27,0,NaN
,16:50:28,0,NaN
,16:50:29,0,NaN
83,16:50:30,1.383333333,1.383333333
,16:50:31,0,NaN
,16:50:32,0,NaN
,16:50:33,0,NaN
,16:50:34,0,NaN
82,16:50:35,1.366666667,1.366666667
,16:50:36,0,NaN
,16:50:37,0,NaN
,16:50:38,0,NaN
,16:50:39,0,NaN
75,16:50:40,1.25,1.25
,16:50:41,0,NaN
,16:50:42,0,NaN
,16:50:43,0,NaN
,16:50:44,0,NaN
74,16:50:45,1.233333333,1.233333333
,16:50:46,0,NaN
,16:50:47,0,NaN
,16:50:48,0,NaN
,16:50:49,0,NaN
,16:50:50,0,NaN
,16:50:51,0,NaN
,16:50:52,0,NaN
,16:50:53,0,NaN
,16:50:54,0,NaN
75,16:50:55,1.25,1.25
,16:50:56,0,NaN
,16:50:57,0,NaN
,16:50:58,0,NaN
,16:50:59,0,NaN
80,16:51:00,1.333333333,1.333333333
,16:51:01,0,NaN
,16:51:02,0,NaN
,16:51:03,0,NaN
,16:51:04,0,NaN
81,16:51:05,1.35,1.35
,16:51:06,0,NaN
,16:51:07,0,NaN
,16:51:08,0,NaN
,16:51:09,0,NaN
82,16:51:10,1.366666667,1.366666667
,16:51:11,0,NaN
,16:51:12,0,NaN
,16:51:13,0,NaN
,16:51:14,0,NaN
,16:51:15,0,NaN
,16:51:16,0,NaN
,16:51:17,0,NaN
,16:51:18,0,NaN
,16:51:19,0,NaN
,16:51:20,0,NaN
,16:51:21,0,NaN
,16:51:22,0,NaN
,16:51:23,0,NaN
,16:51:24,0,NaN
82,16:51:25,1.366666667,1.366666667
,16:51:26,0,NaN
,16:51:27,0,NaN
,16:51:28,0,NaN
,16:51:29,0,NaN
75,16:51:30,1.25,1.25
,16:51:31,0,NaN
,16:51:32,0,NaN
,16:51:33,0,NaN
,16:51:34,0,NaN
74,16:51:35,1.233333333,1.233333333
,16:51:36,0,NaN
,16:51:37,0,NaN
,16:51:38,0,NaN
,16:51:39,0,NaN
75,16:51:40,1.25,1.25
,16:51:41,0,NaN
,16:51:42,0,NaN
,16:51:43,0,NaN
,16:51:44,0,NaN
,16:51:45,0,NaN
,16:51:46,0,NaN
,16:51:47,0,NaN
,16:51:48,0,NaN
,16:51:49,0,NaN
74,16:51:50,1.233333333,1.233333333
,16:51:51,0,NaN
,16:51:52,0,NaN
,16:51:53,0,NaN
,16:51:54,0,NaN
,16:51:55,0,NaN
74,16:51:56,1.233333333,1.233333333
,16:51:57,0,NaN
,16:51:58,0,NaN
,16:51:59,0,NaN
,16:52:00,0,NaN
72,16:52:01,1.2,1.2
,16:52:02,0,NaN
,16:52:03,0,NaN
,16:52:04,0,NaN
,16:52:05,0,NaN
,16:52:06,0,NaN
,16:52:07,0,NaN
,16:52:08,0,NaN
,16:52:09,0,NaN
,16:52:10,0,NaN
72,16:52:11,1.2,1.2
,16:52:12,0,NaN
,16:52:13,0,NaN
,16:52:14,0,NaN
,16:52:15,0,NaN
,16:52:16,0,NaN
,16:52:17,0,NaN
,16:52:18,0,NaN
,16:52:19,0,NaN
,16:52:20,0,NaN
,16:52:21,0,NaN
,16:52:22,0,NaN
,16:52:23,0,NaN
,16:52:24,0,NaN
,16:52:25,0,NaN
73,16:52:26,1.216666667,1.216666667
,16:52:27,0,NaN
,16:52:28,0,NaN
,16:52:29,0,NaN
,16:52:30,0,NaN
74,16:52:31,1.233333333,1.233333333
,16:52:32,0,NaN
,16:52:33,0,NaN
,16:52:34,0,NaN
,16:52:35,0,NaN
77,16:52:36,1.283333333,1.283333333
,16:52:37,0,NaN
,16:52:38,0,NaN
,16:52:39,0,NaN
,16:52:40,0,NaN
78,16:52:41,1.3,1.3
,16:52:42,0,NaN
,16:52:43,0,NaN
,16:52:44,0,NaN
,16:52:45,0,NaN
74,16:52:46,1.233333333,1.233333333
,16:52:47,0,NaN
,16:52:48,0,NaN
,16:52:49,0,NaN
,16:52:50,0,NaN
71,16:52:51,1.183333333,1.183333333
,16:52:52,0,NaN
,16:52:53,0,NaN
,16:52:54,0,NaN
,16:52:55,0,NaN
69,16:52:56,1.15,1.15
,16:52:57,0,NaN
,16:52:58,0,NaN
,16:52:59,0,NaN
,16:53:00,0,NaN
,16:53:01,0,NaN
,16:53:02,0,NaN
,16:53:03,0,NaN
,16:53:04,0,NaN
,16:53:05,0,NaN
,16:53:06,0,NaN
,16:53:07,0,NaN
,16:53:08,0,NaN
,16:53:09,0,NaN
,16:53:10,0,NaN
70,16:53:11,1.166666667,1.166666667
,16:53:12,0,NaN
,16:53:13,0,NaN
,16:53:14,0,NaN
,16:53:15,0,NaN
71,16:53:16,1.183333333,1.183333333
,16:53:17,0,NaN
,16:53:18,0,NaN
,16:53:19,0,NaN
,16:53:20,0,NaN
72,16:53:21,1.2,1.2
,16:53:22,0,NaN
,16:53:23,0,NaN
,16:53:24,0,NaN
,16:53:25,0,NaN
,16:53:26,0,NaN
,16:53:27,0,NaN
,16:53:28,0,NaN
,16:53:29,0,NaN
,16:53:30,0,NaN
,16:53:31,0,NaN
,16:53:32,0,NaN
,16:53:33,0,NaN
,16:53:34,0,NaN
,16:53:35,0,NaN
74,16:53:36,1.233333333,1.233333333
,16:53:37,0,NaN
,16:53:38,0,NaN
,16:53:39,0,NaN
,16:53:40,0,NaN
75,16:53:41,1.25,1.25
,16:53:42,0,NaN
,16:53:43,0,NaN
,16:53:44,0,NaN
,16:53:45,0,NaN
75,16:53:46,1.25,1.25
,16:53:47,0,NaN
,16:53:48,0,NaN
,16:53:49,0,NaN
,16:53:50,0,NaN
,16:53:51,0,NaN
,16:53:52,0,NaN
,16:53:53,0,NaN
,16:53:54,0,NaN
,16:53:55,0,NaN
76,16:53:56,1.266666667,1.266666667
,16:53:57,0,NaN
,16:53:58,0,NaN
,16:53:59,0,NaN
,16:54:00,0,NaN
,16:54:01,0,NaN
,16:54:02,0,NaN
,16:54:03,0,NaN
,16:54:04,0,NaN
,16:54:05,0,NaN
,16:54:06,0,NaN
,16:54:07,0,NaN
,16:54:08,0,NaN
,16:54:09,0,NaN
,16:54:10,0,NaN
77,16:54:11,1.283333333,1.283333333
,16:54:12,0,NaN
,16:54:13,0,NaN
,16:54:14,0,NaN
,16:54:15,0,NaN
,16:54:16,0,NaN
,16:54:17,0,NaN
,16:54:18,0,NaN
,16:54:19,0,NaN
,16:54:20,0,NaN
76,16:54:21,1.266666667,1.266666667
,16:54:22,0,NaN
,16:54:23,0,NaN
,16:54:24,0,NaN
,16:54:25,0,NaN
75,16:54:26,1.25,1.25
,16:54:27,0,NaN
,16:54:28,0,NaN
,16:54:29,0,NaN
,16:54:30,0,NaN
,16:54:31,0,NaN
,16:54:32,0,NaN
,16:54:33,0,NaN
,16:54:34,0,NaN
,16:54:35,0,NaN
74,16:54:36,1.233333333,1.233333333
,16:54:37,0,NaN
,16:54:38,0,NaN
,16:54:39,0,NaN
,16:54:40,0,NaN
74,16:54:41,1.233333333,1.233333333
,16:54:42,0,NaN
,16:54:43,0,NaN
,16:54:44,0,NaN
,16:54:45,0,NaN
,16:54:46,0,NaN
,16:54:47,0,NaN
,16:54:48,0,NaN
,16:54:49,0,NaN
,16:54:50,0,NaN
,16:54:51,0,NaN
,16:54:52,0,NaN
,16:54:53,0,NaN
,16:54:54,0,NaN
,16:54:55,0,NaN
78,16:54:56,1.3,1.3
,16:54:57,0,NaN
,16:54:58,0,NaN
,16:54:59,0,NaN
,16:55:00,0,NaN
75,16:55:01,1.25,1.25
,16:55:02,0,NaN
,16:55:03,0,NaN
,16:55:04,0,NaN
,16:55:05,0,NaN
73,16:55:06,1.216666667,1.216666667
,16:55:07,0,NaN
,16:55:08,0,NaN
,16:55:09,0,NaN
,16:55:10,0,NaN
71,16:55:11,1.183333333,1.183333333
,16:55:12,0,NaN
,16:55:13,0,NaN
,16:55:14,0,NaN
,16:55:15,0,NaN
,16:55:16,0,NaN
,16:55:17,0,NaN
,16:55:18,0,NaN
,16:55:19,0,NaN
,16:55:20,0,NaN
,16:55:21,0,NaN
,16:55:22,0,NaN
,16:55:23,0,NaN
,16:55:24,0,NaN
,16:55:25,0,NaN
73,16:55:26,1.216666667,1.216666667
,16:55:27,0,NaN
,16:55:28,0,NaN
,16:55:29,0,NaN
,16:55:30,0,NaN
76,16:55:31,1.266666667,1.266666667
,16:55:32,0,NaN
,16:55:33,0,NaN
,16:55:34,0,NaN
,16:55:35,0,NaN
77,16:55:36,1.283333333,1.283333333
,16:55:37,0,NaN
,16:55:38,0,NaN
,16:55:39,0,NaN
,16:55:40,0,NaN
,16:55:41,0,NaN
,16:55:42,0,NaN
,16:55:43,0,NaN
,16:55:44,0,NaN
,16:55:45,0,NaN
78,16:55:46,1.3,1.3
,16:55:47,0,NaN
,16:55:48,0,NaN
,16:55:49,0,NaN
,16:55:50,0,NaN
79,16:55:51,1.316666667,1.316666667
,16:55:52,0,NaN
,16:55:53,0,NaN
,16:55:54,0,NaN
,16:55:55,0,NaN
78,16:55:56,1.3,1.3
,16:55:57,0,NaN
,16:55:58,0,NaN
,16:55:59,0,NaN
,16:56:00,0,NaN
78,16:56:01,1.3,1.3
,16:56:02,0,NaN
,16:56:03,0,NaN
,16:56:04,0,NaN
,16:56:05,0,NaN
77,16:56:06,1.283333333,1.283333333
,16:56:07,0,NaN
,16:56:08,0,NaN
,16:56:09,0,NaN
,16:56:10,0,NaN
74,16:56:11,1.233333333,1.233333333
,16:56:12,0,NaN
,16:56:13,0,NaN
,16:56:14,0,NaN
,16:56:15,0,NaN
71,16:56:16,1.183333333,1.183333333
,16:56:17,0,NaN
,16:56:18,0,NaN
,16:56:19,0,NaN
,16:56:20,0,NaN
68,16:56:21,1.133333333,1.133333333
,16:56:22,0,NaN
,16:56:23,0,NaN
,16:56:24,0,NaN
,16:56:25,0,NaN
67,16:56:26,1.116666667,1.116666667
,16:56:27,0,NaN
,16:56:28,0,NaN
,16:56:29,0,NaN
,16:56:30,0,NaN
67,16:56:31,1.116666667,1.116666667
,16:56:32,0,NaN
,16:56:33,0,NaN
,16:56:34,0,NaN
,16:56:35,0,NaN
,16:56:36,0,NaN
,16:56:37,0,NaN
,16:56:38,0,NaN
,16:56:39,0,NaN
,16:56:40,0,NaN
68,16:56:41,1.133333333,1.133333333
,16:56:42,0,NaN
,16:56:43,0,NaN
,16:56:44,0,NaN
,16:56:45,0,NaN
,16:56:46,0,NaN
,16:56:47,0,NaN
,16:56:48,0,NaN
,16:56:49,0,NaN
,16:56:50,0,NaN
69,16:56:51,1.15,1.15
,16:56:52,0,NaN
,16:56:53,0,NaN
,16:56:54,0,NaN
,16:56:55,0,NaN
70,16:56:56,1.166666667,1.166666667
,16:56:57,0,NaN
,16:56:58,0,NaN
,16:56:59,0,NaN
,16:57:00,0,NaN
71,16:57:01,1.183333333,1.183333333
,16:57:02,0,NaN
,16:57:03,0,NaN
,16:57:04,0,NaN
,16:57:05,0,NaN
72,16:57:06,1.2,1.2
,16:57:07,0,NaN
,16:57:08,0,NaN
,16:57:09,0,NaN
,16:57:10,0,NaN
76,16:57:11,1.266666667,1.266666667
,16:57:12,0,NaN
,16:57:13,0,NaN
,16:57:14,0,NaN
,16:57:15,0,NaN
79,16:57:16,1.316666667,1.316666667
,16:57:17,0,NaN
,16:57:18,0,NaN
,16:57:19,0,NaN
,16:57:20,0,NaN
80,16:57:21,1.333333333,1.333333333
,16:57:22,0,NaN
,16:57:23,0,NaN
,16:57:24,0,NaN
,16:57:25,0,NaN
,16:57:26,0,NaN
,16:57:27,0,NaN
,16:57:28,0,NaN
,16:57:29,0,NaN
,16:57:30,0,NaN
77,16:57:31,1.283333333,1.283333333
,16:57:32,0,NaN
,16:57:33,0,NaN
,16:57:34,0,NaN
,16:57:35,0,NaN
76,16:57:36,1.266666667,1.266666667
,16:57:37,0,NaN
,16:57:38,0,NaN
,16:57:39,0,NaN
,16:57:40,0,NaN
74,16:57:41,1.233333333,1.233333333
,16:57:42,0,NaN
,16:57:43,0,NaN
,16:57:44,0,NaN
,16:57:45,0,NaN
,16:57:46,0,NaN
,16:57:47,0,NaN
,16:57:48,0,NaN
,16:57:49,0,NaN
,16:57:50,0,NaN
72,16:57:51,1.2,1.2
,16:57:52,0,NaN
,16:57:53,0,NaN
,16:57:54,0,NaN
,16:57:55,0,NaN
,16:57:56,0,NaN
,16:57:57,0,NaN
,16:57:58,0,NaN
,16:57:59,0,NaN
,16:58:00,0,NaN
73,16:58:01,1.216666667,1.216666667
,16:58:02,0,NaN
,16:58:03,0,NaN
,16:58:04,0,NaN
,16:58:05,0,NaN
,16:58:06,0,NaN
,16:58:07,0,NaN
,16:58:08,0,NaN
,16:58:09,0,NaN
,16:58:10,0,NaN
72,16:58:11,1.2,1.2
,16:58:12,0,NaN
,16:58:13,0,NaN
,16:58:14,0,NaN
,16:58:15,0,NaN
,16:58:16,0,NaN
,16:58:17,0,NaN
,16:58:18,0,NaN
,16:58:19,0,NaN
,16:58:20,0,NaN
73,16:58:21,1.216666667,1.216666667
,16:58:22,0,NaN
,16:58:23,0,NaN
,16:58:24,0,NaN
,16:58:25,0,NaN
73,16:58:26,1.216666667,1.216666667
,16:58:27,0,NaN
,16:58:28,0,NaN
,16:58:29,0,NaN
,16:58:30,0,NaN
71,16:58:31,1.183333333,1.183333333
,16:58:32,0,NaN
,16:58:33,0,NaN
,16:58:34,0,NaN
,16:58:35,0,NaN
71,16:58:36,1.183333333,1.183333333
,16:58:37,0,NaN
,16:58:38,0,NaN
,16:58:39,0,NaN
,16:58:40,0,NaN
,16:58:41,0,NaN
,16:58:42,0,NaN
,16:58:43,0,NaN
,16:58:44,0,NaN
,16:58:45,0,NaN
72,16:58:46,1.2,1.2
,16:58:47,0,NaN
,16:58:48,0,NaN
,16:58:49,0,NaN
,16:58:50,0,NaN
,16:58:51,0,NaN
,16:58:52,0,NaN
,16:58:53,0,NaN
,16:58:54,0,NaN
,16:58:55,0,NaN
,16:58:56,0,NaN
,16:58:57,0,NaN
,16:58:58,0,NaN
,16:58:59,0,NaN
,16:59:00,0,NaN
72,16:59:01,1.2,1.2
,16:59:02,0,NaN
,16:59:03,0,NaN
,16:59:04,0,NaN
,16:59:05,0,NaN
73,16:59:06,1.216666667,1.216666667
,16:59:07,0,NaN
,16:59:08,0,NaN
,16:59:09,0,NaN
,16:59:10,0,NaN
,16:59:11,0,NaN
,16:59:12,0,NaN
,16:59:13,0,NaN
,16:59:14,0,NaN
,16:59:15,0,NaN
74,16:59:16,1.233333333,1.233333333
,16:59:17,0,NaN
,16:59:18,0,NaN
,16:59:19,0,NaN
,16:59:20,0,NaN
73,16:59:21,1.216666667,1.216666667
,16:59:22,0,NaN
,16:59:23,0,NaN
,16:59:24,0,NaN
,16:59:25,0,NaN
74,16:59:26,1.233333333,1.233333333
,16:59:27,0,NaN
,16:59:28,0,NaN
,16:59:29,0,NaN
,16:59:30,0,NaN
75,16:59:31,1.25,1.25
,16:59:32,0,NaN
,16:59:33,0,NaN
,16:59:34,0,NaN
,16:59:35,0,NaN
75,16:59:36,1.25,1.25
,16:59:37,0,NaN
,16:59:38,0,NaN
,16:59:39,0,NaN
,16:59:40,0,NaN
,16:59:41,0,NaN
,16:59:42,0,NaN
,16:59:43,0,NaN
,16:59:44,0,NaN
,16:59:45,0,NaN
76,16:59:46,1.266666667,1.266666667
,16:59:47,0,NaN
,16:59:48,0,NaN
,16:59:49,0,NaN
,16:59:50,0,NaN
,16:59:51,0,NaN
,16:59:52,0,NaN
,16:59:53,0,NaN
,16:59:54,0,NaN
,16:59:55,0,NaN
,16:59:56,0,NaN
,16:59:57,0,NaN
,16:59:58,0,NaN
,16:59:59,0,NaN
,17:00:00,0,NaN
78,17:00:01,1.3,1.3
,17:00:02,0,NaN
,17:00:03,0,NaN
,17:00:04,0,NaN
,17:00:05,0,NaN
79,17:00:06,1.316666667,1.316666667
,17:00:07,0,NaN
,17:00:08,0,NaN
,17:00:09,0,NaN
,17:00:10,0,NaN
81,17:00:11,1.35,1.35
,17:00:12,0,NaN
,17:00:13,0,NaN
,17:00:14,0,NaN
,17:00:15,0,NaN
,17:00:16,0,NaN
,17:00:17,0,NaN
,17:00:18,0,NaN
,17:00:19,0,NaN
,17:00:20,0,NaN
82,17:00:21,1.366666667,1.366666667
,17:00:22,0,NaN
,17:00:23,0,NaN
,17:00:24,0,NaN
,17:00:25,0,NaN
79,17:00:26,1.316666667,1.316666667
,17:00:27,0,NaN
,17:00:28,0,NaN
,17:00:29,0,NaN
,17:00:30,0,NaN
71,17:00:31,1.183333333,1.183333333
,17:00:32,0,NaN
,17:00:33,0,NaN
,17:00:34,0,NaN
,17:00:35,0,NaN
,17:00:36,0,NaN
,17:00:37,0,NaN
,17:00:38,0,NaN
,17:00:39,0,NaN
,17:00:40,0,NaN
,17:00:41,0,NaN
,17:00:42,0,NaN
,17:00:43,0,NaN
,17:00:44,0,NaN
,17:00:45,0,NaN
72,17:00:46,1.2,1.2
,17:00:47,0,NaN
,17:00:48,0,NaN
,17:00:49,0,NaN
,17:00:50,0,NaN
74,17:00:51,1.233333333,1.233333333
,17:00:52,0,NaN
,17:00:53,0,NaN
,17:00:54,0,NaN
,17:00:55,0,NaN
75,17:00:56,1.25,1.25
,17:00:57,0,NaN
,17:00:58,0,NaN
,17:00:59,0,NaN
,17:01:00,0,NaN
76,17:01:01,1.266666667,1.266666667
,17:01:02,0,NaN
,17:01:03,0,NaN
,17:01:04,0,NaN
,17:01:05,0,NaN
77,17:01:06,1.283333333,1.283333333
,17:01:07,0,NaN
,17:01:08,0,NaN
,17:01:09,0,NaN
,17:01:10,0,NaN
77,17:01:11,1.283333333,1.283333333
,17:01:12,0,NaN
,17:01:13,0,NaN
,17:01:14,0,NaN
,17:01:15,0,NaN
78,17:01:16,1.3,1.3
,17:01:17,0,NaN
,17:01:18,0,NaN
,17:01:19,0,NaN
,17:01:20,0,NaN
79,17:01:21,1.316666667,1.316666667
,17:01:22,0,NaN
,17:01:23,0,NaN
,17:01:24,0,NaN
,17:01:25,0,NaN
80,17:01:26,1.333333333,1.333333333
,17:01:27,0,NaN
,17:01:28,0,NaN
,17:01:29,0,NaN
,17:01:30,0,NaN
81,17:01:31,1.35,1.35
,17:01:32,0,NaN
,17:01:33,0,NaN
,17:01:34,0,NaN
,17:01:35,0,NaN
81,17:01:36,1.35,1.35
,17:01:37,0,NaN
,17:01:38,0,NaN
,17:01:39,0,NaN
,17:01:40,0,NaN
,17:01:41,0,NaN
,17:01:42,0,NaN
,17:01:43,0,NaN
,17:01:44,0,NaN
,17:01:45,0,NaN
82,17:01:46,1.366666667,1.366666667
,17:01:47,0,NaN
,17:01:48,0,NaN
,17:01:49,0,NaN
,17:01:50,0,NaN
83,17:01:51,1.383333333,1.383333333
,17:01:52,0,NaN
,17:01:53,0,NaN
,17:01:54,0,NaN
,17:01:55,0,NaN
82,17:01:56,1.366666667,1.366666667
,17:01:57,0,NaN
,17:01:58,0,NaN
,17:01:59,0,NaN
,17:02:00,0,NaN
81,17:02:01,1.35,1.35
,17:02:02,0,NaN
,17:02:03,0,NaN
,17:02:04,0,NaN
,17:02:05,0,NaN
,17:02:06,0,NaN
,17:02:07,0,NaN
,17:02:08,0,NaN
,17:02:09,0,NaN
,17:02:10,0,NaN
,17:02:11,0,NaN
,17:02:12,0,NaN
,17:02:13,0,NaN
,17:02:14,0,NaN
,17:02:15,0,NaN
81,17:02:16,1.35,1.35
,17:02:17,0,NaN
,17:02:18,0,NaN
,17:02:19,0,NaN
,17:02:20,0,NaN
,17:02:21,0,NaN
,17:02:22,0,NaN
,17:02:23,0,NaN
,17:02:24,0,NaN
,17:02:25,0,NaN
97,17:02:26,1.616666667,1.616666667
,17:02:27,0,NaN
,17:02:28,0,NaN
,17:02:29,0,NaN
,17:02:30,0,NaN
104,17:02:31,1.733333333,1.733333333
,17:02:32,0,NaN
,17:02:33,0,NaN
,17:02:34,0,NaN
,17:02:35,0,NaN
102,17:02:36,1.7,1.7
,17:02:37,0,NaN
,17:02:38,0,NaN
,17:02:39,0,NaN
,17:02:40,0,NaN
99,17:02:41,1.65,1.65
,17:02:42,0,NaN
,17:02:43,0,NaN
,17:02:44,0,NaN
,17:02:45,0,NaN
90,17:02:46,1.5,1.5
,17:02:47,0,NaN
,17:02:48,0,NaN
,17:02:49,0,NaN
,17:02:50,0,NaN
77,17:02:51,1.283333333,1.283333333
,17:02:52,0,NaN
,17:02:53,0,NaN
,17:02:54,0,NaN
,17:02:55,0,NaN
74,17:02:56,1.233333333,1.233333333
,17:02:57,0,NaN
,17:02:58,0,NaN
,17:02:59,0,NaN
,17:03:00,0,NaN
70,17:03:01,1.166666667,1.166666667
,17:03:02,0,NaN
,17:03:03,0,NaN
,17:03:04,0,NaN
,17:03:05,0,NaN
71,17:03:06,1.183333333,1.183333333
,17:03:07,0,NaN
,17:03:08,0,NaN
,17:03:09,0,NaN
,17:03:10,0,NaN
72,17:03:11,1.2,1.2
,17:03:12,0,NaN
,17:03:13,0,NaN
,17:03:14,0,NaN
,17:03:15,0,NaN
73,17:03:16,1.216666667,1.216666667
,17:03:17,0,NaN
,17:03:18,0,NaN
,17:03:19,0,NaN
,17:03:20,0,NaN
74,17:03:21,1.233333333,1.233333333
,17:03:22,0,NaN
,17:03:23,0,NaN
,17:03:24,0,NaN
,17:03:25,0,NaN
77,17:03:26,1.283333333,1.283333333
,17:03:27,0,NaN
,17:03:28,0,NaN
,17:03:29,0,NaN
,17:03:30,0,NaN
,17:03:31,0,NaN
,17:03:32,0,NaN
,17:03:33,0,NaN
,17:03:34,0,NaN
,17:03:35,0,NaN
78,17:03:36,1.3,1.3
,17:03:37,0,NaN
,17:03:38,0,NaN
,17:03:39,0,NaN
,17:03:40,0,NaN
79,17:03:41,1.316666667,1.316666667
,17:03:42,0,NaN
,17:03:43,0,NaN
,17:03:44,0,NaN
,17:03:45,0,NaN
78,17:03:46,1.3,1.3
,17:03:47,0,NaN
,17:03:48,0,NaN
,17:03:49,0,NaN
,17:03:50,0,NaN
,17:03:51,0,NaN
78,17:03:52,1.3,1.3
,17:03:53,0,NaN
,17:03:54,0,NaN
,17:03:55,0,NaN
,17:03:56,0,NaN
79,17:03:57,1.316666667,1.316666667
,17:03:58,0,NaN
,17:03:59,0,NaN
,17:04:00,0,NaN
,17:04:01,0,NaN
80,17:04:02,1.333333333,1.333333333
,17:04:03,0,NaN
,17:04:04,0,NaN
,17:04:05,0,NaN
,17:04:06,0,NaN
,17:04:07,0,NaN
,17:04:08,0,NaN
,17:04:09,0,NaN
,17:04:10,0,NaN
,17:04:11,0,NaN
80,17:04:12,1.333333333,1.333333333
,17:04:13,0,NaN
,17:04:14,0,NaN
,17:04:15,0,NaN
,17:04:16,0,NaN
81,17:04:17,1.35,1.35
,17:04:18,0,NaN
,17:04:19,0,NaN
,17:04:20,0,NaN
,17:04:21,0,NaN
83,17:04:22,1.383333333,1.383333333
,17:04:23,0,NaN
,17:04:24,0,NaN
,17:04:25,0,NaN
,17:04:26,0,NaN
80,17:04:27,1.333333333,1.333333333
,17:04:28,0,NaN
,17:04:29,0,NaN
,17:04:30,0,NaN
,17:04:31,0,NaN
78,17:04:32,1.3,1.3
,17:04:33,0,NaN
,17:04:34,0,NaN
,17:04:35,0,NaN
,17:04:36,0,NaN
76,17:04:37,1.266666667,1.266666667
,17:04:38,0,NaN
,17:04:39,0,NaN
,17:04:40,0,NaN
,17:04:41,0,NaN
75,17:04:42,1.25,1.25
,17:04:43,0,NaN
,17:04:44,0,NaN
,17:04:45,0,NaN
,17:04:46,0,NaN
74,17:04:47,1.233333333,1.233333333
,17:04:48,0,NaN
,17:04:49,0,NaN
,17:04:50,0,NaN
,17:04:51,0,NaN
,17:04:52,0,NaN
,17:04:53,0,NaN
,17:04:54,0,NaN
,17:04:55,0,NaN
,17:04:56,0,NaN
75,17:04:57,1.25,1.25
,17:04:58,0,NaN
,17:04:59,0,NaN
,17:05:00,0,NaN
,17:05:01,0,NaN
,17:05:02,0,NaN
,17:05:03,0,NaN
,17:05:04,0,NaN
,17:05:05,0,NaN
,17:05:06,0,NaN
73,17:05:07,1.216666667,1.216666667
,17:05:08,0,NaN
,17:05:09,0,NaN
,17:05:10,0,NaN
,17:05:11,0,NaN
,17:05:12,0,NaN
,17:05:13,0,NaN
,17:05:14,0,NaN
,17:05:15,0,NaN
,17:05:16,0,NaN
,17:05:17,0,NaN
,17:05:18,0,NaN
,17:05:19,0,NaN
,17:05:20,0,NaN
,17:05:21,0,NaN
72,17:05:22,1.2,1.2
,17:05:23,0,NaN
,17:05:24,0,NaN
,17:05:25,0,NaN
,17:05:26,0,NaN
,17:05:27,0,NaN
,17:05:28,0,NaN
,17:05:29,0,NaN
,17:05:30,0,NaN
,17:05:31,0,NaN
73,17:05:32,1.216666667,1.216666667
,17:05:33,0,NaN
,17:05:34,0,NaN
,17:05:35,0,NaN
,17:05:36,0,NaN
,17:05:37,0,NaN
,17:05:38,0,NaN
,17:05:39,0,NaN
,17:05:40,0,NaN
,17:05:41,0,NaN
74,17:05:42,1.233333333,1.233333333
,17:05:43,0,NaN
,17:05:44,0,NaN
,17:05:45,0,NaN
,17:05:46,0,NaN
75,17:05:47,1.25,1.25
,17:05:48,0,NaN
,17:05:49,0,NaN
,17:05:50,0,NaN
,17:05:51,0,NaN
76,17:05:52,1.266666667,1.266666667
,17:05:53,0,NaN
,17:05:54,0,NaN
,17:05:55,0,NaN
,17:05:56,0,NaN
75,17:05:57,1.25,1.25
,17:05:58,0,NaN
,17:05:59,0,NaN
,17:06:00,0,NaN
,17:06:01,0,NaN
74,17:06:02,1.233333333,1.233333333
,17:06:03,0,NaN
,17:06:04,0,NaN
,17:06:05,0,NaN
,17:06:06,0,NaN
,17:06:07,0,NaN
,17:06:08,0,NaN
,17:06:09,0,NaN
,17:06:10,0,NaN
,17:06:11,0,NaN
75,17:06:12,1.25,1.25
,17:06:13,0,NaN
,17:06:14,0,NaN
,17:06:15,0,NaN
,17:06:16,0,NaN
76,17:06:17,1.266666667,1.266666667
,17:06:18,0,NaN
,17:06:19,0,NaN
,17:06:20,0,NaN
,17:06:21,0,NaN
77,17:06:22,1.283333333,1.283333333
,17:06:23,0,NaN
,17:06:24,0,NaN
,17:06:25,0,NaN
,17:06:26,0,NaN
78,17:06:27,1.3,1.3
,17:06:28,0,NaN
,17:06:29,0,NaN
,17:06:30,0,NaN
,17:06:31,0,NaN
77,17:06:32,1.283333333,1.283333333
,17:06:33,0,NaN
,17:06:34,0,NaN
,17:06:35,0,NaN
,17:06:36,0,NaN
75,17:06:37,1.25,1.25
,17:06:38,0,NaN
,17:06:39,0,NaN
,17:06:40,0,NaN
,17:06:41,0,NaN
73,17:06:42,1.216666667,1.216666667
,17:06:43,0,NaN
,17:06:44,0,NaN
,17:06:45,0,NaN
,17:06:46,0,NaN
73,17:06:47,1.216666667,1.216666667
,17:06:48,0,NaN
,17:06:49,0,NaN
,17:06:50,0,NaN
,17:06:51,0,NaN
75,17:06:52,1.25,1.25
,17:06:53,0,NaN
,17:06:54,0,NaN
,17:06:55,0,NaN
,17:06:56,0,NaN
76,17:06:57,1.266666667,1.266666667
,17:06:58,0,NaN
,17:06:59,0,NaN
,17:07:00,0,NaN
,17:07:01,0,NaN
,17:07:02,0,NaN
,17:07:03,0,NaN
,17:07:04,0,NaN
,17:07:05,0,NaN
,17:07:06,0,NaN
75,17:07:07,1.25,1.25
,17:07:08,0,NaN
,17:07:09,0,NaN
,17:07:10,0,NaN
,17:07:11,0,NaN
76,17:07:12,1.266666667,1.266666667
,17:07:13,0,NaN
,17:07:14,0,NaN
,17:07:15,0,NaN
,17:07:16,0,NaN
78,17:07:17,1.3,1.3
,17:07:18,0,NaN
,17:07:19,0,NaN
,17:07:20,0,NaN
,17:07:21,0,NaN
82,17:07:22,1.366666667,1.366666667
,17:07:23,0,NaN
,17:07:24,0,NaN
,17:07:25,0,NaN
,17:07:26,0,NaN
84,17:07:27,1.4,1.4
,17:07:28,0,NaN
,17:07:29,0,NaN
,17:07:30,0,NaN
,17:07:31,0,NaN
88,17:07:32,1.466666667,1.466666667
,17:07:33,0,NaN
,17:07:34,0,NaN
,17:07:35,0,NaN
,17:07:36,0,NaN
,17:07:37,0,NaN
,17:07:38,0,NaN
,17:07:39,0,NaN
,17:07:40,0,NaN
,17:07:41,0,NaN
,17:07:42,0,NaN
,17:07:43,0,NaN
,17:07:44,0,NaN
,17:07:45,0,NaN
,17:07:46,0,NaN
89,17:07:47,1.483333333,1.483333333
,17:07:48,0,NaN
,17:07:49,0,NaN
,17:07:50,0,NaN
,17:07:51,0,NaN
,17:07:52,0,NaN
,17:07:53,0,NaN
,17:07:54,0,NaN
,17:07:55,0,NaN
,17:07:56,0,NaN
,17:07:57,0,NaN
,17:07:58,0,NaN
,17:07:59,0,NaN
,17:08:00,0,NaN
,17:08:01,0,NaN
88,17:08:02,1.466666667,1.466666667
,17:08:03,0,NaN
,17:08:04,0,NaN
,17:08:05,0,NaN
,17:08:06,0,NaN
83,17:08:07,1.383333333,1.383333333
,17:08:08,0,NaN
,17:08:09,0,NaN
,17:08:10,0,NaN
,17:08:11,0,NaN
70,17:08:12,1.166666667,1.166666667
,17:08:13,0,NaN
,17:08:14,0,NaN
,17:08:15,0,NaN
,17:08:16,0,NaN
67,17:08:17,1.116666667,1.116666667
,17:08:18,0,NaN
,17:08:19,0,NaN
,17:08:20,0,NaN
,17:08:21,0,NaN
65,17:08:22,1.083333333,1.083333333
,17:08:23,0,NaN
,17:08:24,0,NaN
,17:08:25,0,NaN
,17:08:26,0,NaN
,17:08:27,0,NaN
,17:08:28,0,NaN
,17:08:29,0,NaN
,17:08:30,0,NaN
,17:08:31,0,NaN
66,17:08:32,1.1,1.1
,17:08:33,0,NaN
,17:08:34,0,NaN
,17:08:35,0,NaN
,17:08:36,0,NaN
67,17:08:37,1.116666667,1.116666667
,17:08:38,0,NaN
,17:08:39,0,NaN
,17:08:40,0,NaN
,17:08:41,0,NaN
,17:08:42,0,NaN
,17:08:43,0,NaN
,17:08:44,0,NaN
,17:08:45,0,NaN
,17:08:46,0,NaN
69,17:08:47,1.15,1.15
,17:08:48,0,NaN
,17:08:49,0,NaN
,17:08:50,0,NaN
,17:08:51,0,NaN
77,17:08:52,1.283333333,1.283333333
,17:08:53,0,NaN
,17:08:54,0,NaN
,17:08:55,0,NaN
,17:08:56,0,NaN
77,17:08:57,1.283333333,1.283333333
,17:08:58,0,NaN
,17:08:59,0,NaN
,17:09:00,0,NaN
,17:09:01,0,NaN
72,17:09:02,1.2,1.2
,17:09:03,0,NaN
,17:09:04,0,NaN
,17:09:05,0,NaN
,17:09:06,0,NaN
,17:09:07,0,NaN
,17:09:08,0,NaN
,17:09:09,0,NaN
,17:09:10,0,NaN
,17:09:11,0,NaN
74,17:09:12,1.233333333,1.233333333
,17:09:13,0,NaN
,17:09:14,0,NaN
,17:09:15,0,NaN
,17:09:16,0,NaN
76,17:09:17,1.266666667,1.266666667
,17:09:18,0,NaN
,17:09:19,0,NaN
,17:09:20,0,NaN
,17:09:21,0,NaN
,17:09:22,0,NaN
,17:09:23,0,NaN
,17:09:24,0,NaN
,17:09:25,0,NaN
,17:09:26,0,NaN
75,17:09:27,1.25,1.25
,17:09:28,0,NaN
,17:09:29,0,NaN
,17:09:30,0,NaN
,17:09:31,0,NaN
73,17:09:32,1.216666667,1.216666667
,17:09:33,0,NaN
,17:09:34,0,NaN
,17:09:35,0,NaN
,17:09:36,0,NaN
73,17:09:37,1.216666667,1.216666667
,17:09:38,0,NaN
,17:09:39,0,NaN
,17:09:40,0,NaN
,17:09:41,0,NaN
,17:09:42,0,NaN
,17:09:43,0,NaN
,17:09:44,0,NaN
,17:09:45,0,NaN
,17:09:46,0,NaN
,17:09:47,0,NaN
,17:09:48,0,NaN
,17:09:49,0,NaN
,17:09:50,0,NaN
,17:09:51,0,NaN
73,17:09:52,1.216666667,1.216666667
,17:09:53,0,NaN
,17:09:54,0,NaN
,17:09:55,0,NaN
,17:09:56,0,NaN
,17:09:57,0,NaN
,17:09:58,0,NaN
,17:09:59,0,NaN
,17:10:00,0,NaN
,17:10:01,0,NaN
,17:10:02,0,NaN
,17:10:03,0,NaN
,17:10:04,0,NaN
,17:10:05,0,NaN
,17:10:06,0,NaN
74,17:10:07,1.233333333,1.233333333
,17:10:08,0,NaN
,17:10:09,0,NaN
,17:10:10,0,NaN
,17:10:11,0,NaN
75,17:10:12,1.25,1.25
,17:10:13,0,NaN
,17:10:14,0,NaN
,17:10:15,0,NaN
,17:10:16,0,NaN
80,17:10:17,1.333333333,1.333333333
,17:10:18,0,NaN
,17:10:19,0,NaN
,17:10:20,0,NaN
,17:10:21,0,NaN
90,17:10:22,1.5,1.5
,17:10:23,0,NaN
,17:10:24,0,NaN
,17:10:25,0,NaN
,17:10:26,0,NaN
,17:10:27,0,NaN
,17:10:28,0,NaN
,17:10:29,0,NaN
,17:10:30,0,NaN
,17:10:31,0,NaN
88,17:10:32,1.466666667,1.466666667
,17:10:33,0,NaN
,17:10:34,0,NaN
,17:10:35,0,NaN
,17:10:36,0,NaN
86,17:10:37,1.433333333,1.433333333
,17:10:38,0,NaN
,17:10:39,0,NaN
,17:10:40,0,NaN
,17:10:41,0,NaN
84,17:10:42,1.4,1.4
,17:10:43,0,NaN
,17:10:44,0,NaN
,17:10:45,0,NaN
,17:10:46,0,NaN
,17:10:47,0,NaN
,17:10:48,0,NaN
,17:10:49,0,NaN
,17:10:50,0,NaN
,17:10:51,0,NaN
,17:10:52,0,NaN
,17:10:53,0,NaN
,17:10:54,0,NaN
,17:10:55,0,NaN
,17:10:56,0,NaN
83,17:10:57,1.383333333,1.383333333
,17:10:58,0,NaN
,17:10:59,0,NaN
,17:11:00,0,NaN
,17:11:01,0,NaN
82,17:11:02,1.366666667,1.366666667
,17:11:03,0,NaN
,17:11:04,0,NaN
,17:11:05,0,NaN
,17:11:06,0,NaN
80,17:11:07,1.333333333,1.333333333
,17:11:08,0,NaN
,17:11:09,0,NaN
,17:11:10,0,NaN
,17:11:11,0,NaN
75,17:11:12,1.25,1.25
,17:11:13,0,NaN
,17:11:14,0,NaN
,17:11:15,0,NaN
,17:11:16,0,NaN
75,17:11:17,1.25,1.25
,17:11:18,0,NaN
,17:11:19,0,NaN
,17:11:20,0,NaN
,17:11:21,0,NaN
76,17:11:22,1.266666667,1.266666667
,17:11:23,0,NaN
,17:11:24,0,NaN
,17:11:25,0,NaN
,17:11:26,0,NaN
77,17:11:27,1.283333333,1.283333333
,17:11:28,0,NaN
,17:11:29,0,NaN
,17:11:30,0,NaN
,17:11:31,0,NaN
79,17:11:32,1.316666667,1.316666667
,17:11:33,0,NaN
